t_s,phase,work_done,temp_c_g0,sm_clk_mhz_g0,power_w_g0,temp_c_g1,sm_clk_mhz_g1,power_w_g1,temp_c_g2,sm_clk_mhz_g2,power_w_g2,temp_c_g3,sm_clk_mhz_g3,power_w_g3
0.0,run,0,41,1432,57.2,40,1297,54.2,42,1297,57.6,49,1297,103.7
0.063,run,0,41,1432,56.7,39,1297,53.9,42,1297,53.1,48,1297,58.7
0.124,run,0,41,1432,56.8,39,1297,53.8,42,1297,53.1,48,1297,58.2
0.19,run,0,41,1432,56.7,40,1297,53.9,42,1297,53.2,48,1297,58.2
0.056,run,12,43,1350,275.4,41,1297,260.6,44,1297,243.7,49,1297,262.2
0.125,run,24,44,1260,262.1,43,1215,253.4,45,1282,246.1,51,1222,255.8
0.207,run,52,44,1252,254.3,44,1230,255.1,46,1252,254.2,52,1222,256.9
0.308,run,96,45,1245,257.2,44,1230,260.8,47,1275,251.6,53,1215,251.5
0.45,run,172,46,1245,248.2,46,1222,259.2,48,1267,253.0,55,1215,259.3
0.684,run,200,48,1245,253.8,47,1215,251.2,49,1275,247.2,55,1207,248.5
0.776,run,212,48,1237,244.3,47,1222,253.4,50,1267,253.0,56,1222,258.6
0.875,run,276,49,1215,239.6,48,1102,228.9,50,1267,258.0,57,1162,241.3
1.041,run,304,49,1185,233.4,48,1177,224.6,51,1222,246.3,57,1177,237.5
1.159,run,364,49,1252,256.3,49,1215,255.1,52,1252,252.6,58,1215,250.0
1.375,run,388,50,1252,251.6,49,1215,258.6,52,1252,251.7,59,1200,256.9
1.458,run,436,50,1252,263.3,50,1207,249.2,53,1260,246.4,59,1215,248.7
1.603,run,452,50,1252,252.3,50,1215,249.2,53,1275,242.8,59,1200,256.7
1.681,run,476,51,1252,252.2,50,1215,263.5,53,1260,244.1,60,1215,253.4
1.762,run,524,51,1252,252.9,50,1222,262.6,53,1252,252.9,60,1200,245.1
1.944,run,564,51,1230,248.5,50,1147,242.6,54,1275,245.2,61,1185,242.9
2.052,run,592,51,1162,234.3,51,1162,236.1,54,1260,246.6,61,1177,246.0
2.155,run,620,51,1170,228.5,51,1170,242.1,54,1267,241.6,61,1177,246.2
2.272,run,652,51,1245,252.7,51,1222,245.3,54,1252,251.5,61,1192,251.0
2.355,run,684,51,1245,251.2,51,1200,245.4,55,1267,247.9,62,1215,250.1
2.461,run,700,52,1245,258.0,51,1207,256.7,55,1267,253.3,62,1215,255.3
2.54,run,724,52,1237,258.0,51,1230,261.3,55,1260,243.4,62,1207,251.7
2.623,run,812,52,1252,251.2,52,1207,256.3,55,1267,241.7,63,1200,243.9
2.909,run,832,52,1230,252.3,52,1207,248.4,55,1267,240.9,63,1200,254.7
3.019,run,864,52,1200,244.6,52,1185,245.2,56,1260,251.3,63,1200,244.8
3.121,run,896,52,1200,237.4,52,1185,236.1,56,1267,251.3,63,1185,245.7
3.225,run,928,52,1222,241.8,52,1192,245.9,56,1267,240.5,63,1177,249.8
3.315,run,956,52,1245,244.2,52,1222,250.5,56,1267,241.7,64,1185,245.2
3.393,run,960,52,1237,257.4,52,1185,241.1,56,1252,252.2,64,1185,243.9
3.474,run,992,53,1237,257.0,52,1200,242.0,56,1267,257.6,64,1207,255.4
3.553,run,1008,53,1245,258.9,52,1230,262.9,56,1252,250.4,64,1200,255.0
3.639,run,1040,53,1237,257.1,53,1215,255.7,56,1252,243.9,64,1207,247.5
3.716,run,1104,53,1237,259.9,53,1215,251.2,57,1252,252.7,65,1222,251.1
3.9,run,1132,53,1245,251.3,53,1207,242.0,57,1267,250.4,65,1200,249.5
4.0,run,1152,53,1207,244.9,53,1192,248.5,57,1260,246.4,65,1192,246.9
4.1,run,1184,53,1177,229.9,53,1200,243.2,57,1260,244.2,65,1177,242.8
4.241,run,1228,53,1222,245.7,53,1185,247.5,57,1245,246.2,65,1192,249.8
4.356,run,1260,53,1237,248.8,53,1200,248.9,57,1252,244.5,65,1185,244.2
4.494,run,1284,53,1237,246.3,53,1222,248.4,57,1252,242.0,65,1200,251.2
4.574,run,1312,53,1237,243.8,53,1200,246.0,57,1260,251.4,66,1192,248.9
4.666,run,1344,53,1237,253.5,53,1192,248.3,57,1267,250.3,66,1200,253.3
4.753,run,1372,53,1237,258.4,53,1230,253.3,57,1245,253.3,66,1207,255.5
4.855,run,1388,54,1252,252.7,53,1200,253.9,58,1260,240.3,66,1192,248.2
4.937,run,1436,54,1207,241.2,53,1207,249.2,58,1260,245.4,66,1185,247.8
5.056,run,1444,54,1200,242.3,53,1200,252.7,58,1267,242.8,66,1207,255.0
5.135,run,1476,54,1192,232.8,53,1185,244.9,58,1260,247.0,66,1192,245.8
5.215,run,1500,54,1230,255.0,53,1200,243.6,58,1267,246.3,66,1177,247.7
5.317,run,1548,54,1230,243.6,53,1192,239.5,58,1252,242.8,67,1177,249.6
5.466,run,1564,54,1237,253.0,53,1222,253.1,58,1267,252.6,67,1192,245.9
5.545,run,1596,54,1245,258.2,54,1230,251.6,58,1252,241.1,67,1185,247.2
5.643,run,1648,54,1252,254.2,54,1222,246.6,58,1260,246.0,67,1192,253.2
5.859,run,1680,54,1252,257.3,54,1207,251.0,58,1267,249.4,67,1192,255.4
5.959,run,1740,54,1215,246.6,54,1207,257.3,58,1245,245.5,67,1200,254.6
6.12,run,1772,54,1200,239.7,54,1177,244.5,58,1267,247.2,67,1192,255.0
6.229,run,1792,54,1237,257.0,54,1215,254.7,59,1245,244.3,67,1192,248.9
6.352,run,1840,54,1207,250.5,54,1192,248.9,59,1260,242.5,67,1185,243.6
6.475,run,1856,54,1245,264.3,54,1215,256.7,59,1260,250.4,67,1177,250.6
6.555,run,1888,54,1237,255.7,54,1230,262.7,59,1260,255.0,68,1192,242.5
6.661,run,1928,54,1237,249.2,54,1177,243.4,59,1252,248.7,68,1192,245.9
6.781,run,1940,54,1237,259.6,54,1215,253.6,59,1260,252.5,68,1185,251.4
6.867,run,1984,54,1237,260.4,54,1200,255.5,59,1260,247.1,68,1200,253.3
7.011,run,2016,54,1200,238.8,54,1215,249.5,59,1267,252.5,68,1177,251.7
7.087,run,2032,54,1185,246.8,54,1162,236.9,59,1252,247.1,68,1207,249.5
7.166,run,2060,54,1215,249.3,54,1200,252.1,59,1267,244.0,68,1215,246.9
7.248,run,2092,54,1230,249.6,54,1200,250.7,59,1267,242.3,68,1207,245.9
7.345,run,2116,54,1222,250.1,54,1207,241.6,59,1267,241.5,68,1192,249.8
7.447,run,2144,54,1245,251.3,54,1222,247.3,59,1260,245.1,68,1200,243.9
7.573,run,2176,54,1215,251.0,54,1207,249.9,59,1260,247.0,68,1192,245.5
7.676,run,2204,54,1222,253.9,54,1200,247.3,59,1245,245.9,68,1192,248.2
7.76,run,2220,54,1245,247.6,54,1207,249.7,59,1260,243.7,69,1207,255.4
7.84,run,2268,54,1215,241.7,54,1215,255.4,59,1252,243.1,69,1185,253.2
7.962,run,2300,54,1215,241.3,54,1215,251.8,59,1267,242.5,69,1185,251.6
8.106,run,2336,55,1207,248.8,54,1185,246.1,59,1260,248.8,69,1200,257.0
8.25,run,2380,55,1230,245.3,54,1200,249.4,59,1245,249.4,69,1192,243.4
8.38,run,2412,55,1222,253.0,54,1215,258.6,60,1260,248.6,69,1200,248.6
8.484,run,2460,55,1222,253.2,54,1207,257.2,60,1260,257.1,69,1185,243.0
8.642,run,2480,55,1230,254.5,55,1192,241.9,60,1252,246.6,69,1192,243.8
8.743,run,2524,55,1222,242.1,54,1200,257.4,60,1252,241.5,69,1192,243.0
8.88,run,2556,55,1237,251.6,54,1185,247.2,60,1237,240.8,69,1192,252.5
8.968,run,2588,55,1237,248.2,54,1222,251.3,60,1252,248.8,69,1177,250.3
9.091,run,2612,55,1230,246.4,54,1192,249.3,60,1260,250.8,69,1192,243.3
9.198,run,2640,55,1192,241.0,55,1200,247.0,60,1252,242.6,69,1185,243.1
9.295,run,2672,55,1245,247.1,54,1192,246.8,60,1245,246.3,69,1185,245.2
9.384,run,2700,55,1215,250.4,55,1207,256.9,60,1267,248.4,69,1185,249.8
9.5,run,2728,55,1215,250.5,55,1200,251.8,60,1260,248.5,70,1200,257.2
9.603,run,2776,55,1237,258.8,55,1215,250.7,60,1267,252.8,70,1177,244.7
9.771,run,2820,55,1237,247.4,55,1207,250.0,60,1245,242.8,70,1192,256.3
9.888,run,2852,55,1230,250.6,55,1200,249.1,60,1252,251.4,70,1192,253.7
9.997,run,2864,55,1230,250.6,55,1192,243.5,60,1267,249.7,70,1185,249.2
10.069,run,2896,55,1222,249.7,55,1192,252.4,60,1237,251.9,70,1185,241.6
10.178,run,2956,55,1200,240.3,55,1192,250.1,60,1222,247.5,70,1185,242.3
10.376,run,2988,55,1230,256.9,55,1207,249.3,60,1260,240.8,70,1200,250.4
10.467,run,3016,55,1237,259.6,55,1185,247.2,60,1245,247.8,70,1185,245.5
10.605,run,3044,55,1237,251.0,55,1215,251.5,60,1252,246.8,70,1207,251.5
10.676,run,3084,55,1215,255.5,55,1207,242.9,60,1252,243.7,70,1192,248.9
10.852,run,3132,55,1237,258.6,55,1207,257.5,60,1237,239.6,70,1185,246.8
11.0,run,3180,55,1222,249.4,55,1192,248.8,60,1245,251.2,70,1177,248.6
11.14,run,3212,55,1222,254.9,55,1185,237.4,60,1245,241.0,70,1177,245.9
11.263,run,3228,55,1200,245.6,55,1200,244.4,60,1237,245.8,70,1177,241.7
11.381,run,3260,55,1222,246.7,55,1192,247.2,60,1260,251.5,70,1200,247.3
11.463,run,3292,55,1237,251.9,55,1207,249.2,60,1237,245.4,71,1192,246.0
11.581,run,3324,55,1237,247.7,55,1185,239.8,60,1252,251.3,70,1177,248.6
11.667,run,3352,55,1222,250.7,55,1200,254.1,60,1237,245.3,71,1177,246.9
11.766,run,3404,55,1222,249.7,55,1192,240.9,61,1237,252.2,71,1207,248.0
11.934,run,3436,55,1222,254.5,55,1215,250.3,60,1237,245.1,71,1192,252.3
12.053,run,3464,55,1215,187.3,55,1200,247.3,60,1260,201.4,70,1297,74.7
