t_s,temp_c,sm_clk_mhz,power_w,phase,work_done
0.0,78,1297,237.8,run,0
0.053,77,1297,75.1,run,0
0.108,77,1297,72.7,run,0
0.161,77,1297,72.6,run,0
0.013,77,1297,215.9,run,0
0.068,79,1275,268.6,run,4
0.121,80,1237,269.8,run,8
0.177,80,1237,266.7,run,12
0.232,81,1237,270.5,run,16
0.296,82,1245,271.3,run,24
0.357,82,1260,270.0,run,28
0.419,82,1267,269.1,run,32
0.477,83,1290,270.3,run,36
0.54,83,1297,272.6,run,40
0.599,84,1192,268.7,run,48
0.677,82,1297,79.8,cool,50
0.737,82,1492,204.7,run,50
0.798,84,1185,267.2,run,58
0.883,84,1155,259.0,run,62
0.939,85,1132,264.2,run,74
1.093,85,1095,247.0,run,78
1.146,86,1065,231.2,run,86
1.261,86,1042,219.8,run,90
1.322,86,1042,219.8,run,94
1.375,86,1042,221.7,run,98
1.441,85,1297,77.2,cool,100
1.494,84,1297,118.2,run,100
1.547,86,1065,245.5,run,104
1.632,86,982,208.0,run,112
1.71,86,1012,209.6,run,112
1.763,87,1035,214.4,run,120
1.831,87,1035,218.1,run,124
1.884,87,982,205.6,run,128
1.949,87,967,202.5,run,132
2.002,87,975,203.3,run,136
2.071,87,907,192.8,run,140
2.124,87,900,186.3,run,144
2.198,87,907,183.7,run,148
2.275,86,1252,71.0,cool,150
2.328,86,1297,101.6,run,150
2.381,87,907,247.1,run,154
2.441,87,847,171.3,run,158
2.52,87,922,181.6,run,162
2.602,87,952,192.5,run,166
2.682,87,832,173.7,run,174
2.763,87,817,171.3,run,178
2.843,87,705,173.4,run,182
2.927,87,697,156.2,run,186
3.011,87,697,154.8,run,190
3.086,87,607,140.4,run,194
3.169,87,585,138.7,run,194
3.249,86,472,70.5,cool,200
3.333,86,1297,70.3,cool,200
3.389,87,630,196.2,run,204
3.476,86,585,94.0,run,204
3.556,86,622,125.5,run,208
3.644,86,682,146.4,run,212
3.724,86,540,129.7,run,216
3.805,86,517,126.0,run,220
3.886,86,412,126.5,run,220
3.967,86,337,89.6,run,224
4.098,85,135,90.8,run,224
4.159,85,150,74.5,run,224
4.221,85,135,75.0,run,224
4.283,84,135,72.9,run,224
4.342,84,135,73.3,run,224
4.401,84,135,72.2,run,228
4.463,84,135,72.7,run,228
4.523,84,135,70.7,run,228
4.582,84,135,72.6,run,228
4.645,83,135,73.1,run,228
4.703,83,135,72.2,run,228
4.764,83,135,72.9,run,228
4.824,83,135,71.9,run,228
4.884,83,135,72.1,run,228
4.943,83,135,70.9,run,232
5.004,83,135,72.0,run,232
5.067,83,135,69.9,run,232
5.125,83,135,72.0,run,232
5.185,83,135,72.7,run,232
5.248,82,135,71.4,run,232
5.306,82,135,72.9,run,232
5.367,82,135,71.2,run,232
5.426,82,135,71.6,run,232
5.486,82,135,70.4,run,236
5.549,82,135,71.7,run,236
5.607,82,135,69.5,run,236
5.671,82,135,71.3,run,236
5.729,82,135,72.6,run,236
5.789,82,135,71.1,run,236
5.851,82,135,71.8,run,236
5.909,82,135,70.7,run,236
5.969,82,135,71.5,run,236
6.031,81,135,69.6,run,240
6.091,81,135,71.1,run,240
6.149,81,135,69.0,run,240
6.209,81,135,70.9,run,240
6.273,81,135,71.6,run,240
6.332,81,135,70.6,run,240
6.392,81,135,71.6,run,240
6.453,81,135,70.0,run,240
6.51,81,135,71.2,run,240
6.573,81,142,69.1,run,244
6.636,81,150,71.1,run,244
6.697,81,150,69.4,run,244
6.754,81,165,70.4,run,244
6.816,81,165,71.5,run,244
6.974,81,172,68.5,run,244
7.03,81,187,70.3,run,244
7.087,81,187,71.2,run,244
7.144,81,195,70.0,run,248
7.206,80,202,70.4,run,248
7.268,80,210,69.2,run,248
7.328,80,210,70.6,run,248
7.385,80,225,61.5,cool,250
7.448,80,765,54.5,cool,250
7.529,81,390,92.3,run,250
7.619,81,307,86.5,run,250
7.671,81,322,84.8,run,254
7.773,81,337,86.1,run,254
7.876,81,352,84.5,run,258
7.979,81,367,86.2,run,258
8.083,81,382,84.0,run,258
8.186,81,397,86.1,run,262
8.329,80,405,84.2,run,262
8.385,81,427,85.4,run,262
8.475,80,442,86.2,run,266
8.579,81,465,113.7,run,266
8.685,81,510,119.0,run,270
8.774,81,547,125.5,run,274
8.854,82,570,131.2,run,278
8.936,82,577,132.8,run,278
9.012,82,577,132.7,run,282
9.095,82,585,132.9,run,286
9.175,82,577,133.6,run,290
9.254,82,577,133.9,run,290
9.332,83,577,134.4,run,294
9.414,83,532,110.2,cool,300
9.499,82,1140,60.4,cool,300
9.557,83,1042,249.6,run,304
9.664,84,877,158.8,run,308
9.738,84,1027,199.9,run,312
9.815,85,1065,224.1,run,316
9.868,85,937,198.7,run,320
9.94,85,945,194.8,run,324
10.016,85,945,197.4,run,328
10.07,85,877,181.4,run,332
10.138,86,877,179.4,run,340
10.218,86,877,177.7,run,340
10.271,86,780,175.5,cool,350
10.388,85,1297,68.2,cool,350
10.45,85,577,138.0,run,350
10.514,84,135,75.1,run,350
10.602,84,135,73.2,run,350
10.655,84,135,70.7,run,354
10.712,84,135,72.5,run,354
10.771,83,135,73.4,run,354
10.83,83,135,72.0,run,354
10.892,83,135,72.8,run,354
10.953,83,135,71.4,run,354
11.013,83,135,72.6,run,354
11.072,83,135,70.4,run,354
11.134,83,135,72.0,run,354
11.194,83,135,70.0,run,358
11.253,82,135,71.5,run,358
11.316,82,135,72.4,run,358
11.374,82,135,71.3,run,358
11.435,82,135,71.6,run,358
11.495,82,135,70.6,run,358
11.555,82,135,71.5,run,358
11.617,82,135,68.7,run,358
11.676,82,135,71.4,run,358
11.739,82,135,72.2,run,358
11.797,82,135,71.0,run,362
11.857,82,135,72.1,run,362
11.921,82,135,70.8,run,362
11.976,81,135,71.2,run,362
12.037,81,135,69.9,run,362
12.097,81,135,71.2,run,362
12.16,81,135,68.9,run,362
12.22,81,135,71.0,run,362
12.279,81,135,71.9,run,362
12.342,81,135,70.7,run,366
12.4,81,135,71.4,run,366
12.46,81,135,70.5,run,366
12.522,81,142,70.9,run,366
12.583,81,142,69.5,run,366
12.643,81,150,70.8,run,366
12.705,81,157,68.6,run,366
12.858,81,172,69.0,run,370
12.911,81,180,70.6,run,370
12.972,81,187,69.4,run,370
13.032,81,195,70.4,run,370
13.091,81,195,70.9,run,370
13.153,81,217,70.1,run,370
13.211,80,217,70.3,run,370
13.27,80,217,69.5,run,370
13.332,80,225,70.6,run,370
13.392,81,210,86.0,run,374
13.455,80,232,87.3,run,374
13.563,81,307,84.3,run,374
13.662,81,322,86.7,run,378
13.764,81,345,84.8,run,378
13.87,81,367,86.6,run,378
13.975,81,382,85.2,run,382
14.077,81,390,86.5,run,382
14.176,81,397,86.4,run,386
14.279,81,405,84.1,run,386
14.335,81,420,86.8,run,386
14.387,81,435,85.2,run,386
14.487,81,442,85.4,run,390
14.629,81,337,123.8,run,390
14.691,81,487,100.0,run,394
14.744,81,382,111.3,run,394
14.797,82,375,135.4,run,398
14.893,81,555,110.3,run,398
14.946,81,375,60.1,cool,400
14.999,81,1297,88.7,run,400
15.063,83,592,227.8,run,404
15.177,83,855,156.9,run,408
15.251,83,952,184.0,run,412
15.331,84,862,202.4,run,420
15.415,84,855,173.8,run,424
15.496,84,847,172.8,run,428
15.569,84,757,166.4,run,432
15.622,84,742,159.9,run,436
15.7,84,742,157.0,run,440
15.777,84,652,145.0,run,444
15.859,84,637,142.6,run,448
15.943,84,900,64.0,cool,450
16.027,84,1297,173.3,run,450
16.08,85,510,171.5,run,454
16.167,85,525,123.2,run,458
16.25,85,577,133.1,run,462
16.329,85,600,137.2,run,462
16.41,85,502,122.3,run,466
16.494,85,480,122.4,run,470
16.571,85,375,121.9,run,474
16.694,84,307,86.4,run,474
16.747,84,315,88.5,run,474
16.844,84,135,87.8,run,474
16.905,83,142,73.7,run,474
16.965,83,135,71.9,run,478
17.031,83,135,73.1,run,478
17.085,83,135,70.9,run,478
17.147,83,135,72.3,run,478
17.208,83,135,69.9,run,478
17.267,83,135,71.9,run,478
17.328,83,135,73.0,run,478
17.388,83,135,71.4,run,478
17.45,82,135,72.5,run,478
17.509,82,135,71.2,run,482
17.567,82,135,72.0,run,482
17.63,82,135,70.2,run,482
17.688,82,135,71.6,run,482
17.75,82,135,69.4,run,482
17.813,82,135,71.3,run,482
17.872,82,135,72.4,run,482
17.932,82,135,71.0,run,482
17.991,82,135,71.7,run,482
18.054,82,135,70.5,run,486
18.113,82,135,71.5,run,486
18.173,82,135,69.6,run,486
18.235,82,135,71.2,run,486
18.293,81,135,69.2,run,486
18.354,81,135,71.0,run,486
18.415,81,135,71.6,run,486
18.475,81,135,70.7,run,486
18.534,81,135,70.8,run,486
18.595,81,135,70.0,run,490
18.654,81,135,71.3,run,490
18.716,81,135,69.1,run,490
18.774,81,135,70.3,run,490
18.839,81,142,71.3,run,490
18.899,81,150,70.4,run,490
18.96,81,157,70.8,run,490
19.021,81,157,70.4,run,490
19.079,81,165,70.6,run,490
19.141,81,172,69.5,run,494
19.202,81,172,70.6,run,494
19.259,81,187,68.5,run,494
19.321,81,195,70.6,run,494
19.382,81,195,71.5,run,494
19.442,81,202,70.2,run,494
19.503,81,210,71.0,run,494
19.563,81,210,70.0,run,494
19.622,80,217,70.4,run,494
19.684,80,225,69.0,run,498
19.745,81,210,85.8,run,498
19.805,81,240,66.7,cool,500
19.912,80,870,56.3,run,500
20.002,82,420,162.6,run,504
20.078,81,315,84.9,run,504
20.214,81,330,86.8,run,508
20.316,81,345,85.7,run,508
20.421,81,352,86.5,run,508
20.526,81,375,84.7,run,512
20.63,81,382,86.7,run,512
20.735,81,397,86.1,run,516
20.838,81,405,88.0,run,516
20.895,81,420,86.9,run,516
20.948,81,435,84.2,run,516
21.045,81,442,85.4,run,520
21.181,81,382,116.3,run,520
21.283,81,510,90.1,run,524
21.414,82,547,126.3,run,528
21.472,82,562,128.5,run,532
21.55,82,577,131.0,run,532
21.632,82,585,133.2,run,536
21.711,83,585,133.8,run,540
21.793,83,577,134.1,run,544
21.871,83,577,135.4,run,548
21.954,83,547,65.0,cool,550
22.031,82,1297,71.7,cool,550
22.092,84,840,250.6,run,554
22.153,84,915,179.9,run,558
22.232,85,967,193.1,run,562
22.312,85,900,203.5,run,566
22.395,85,892,180.3,run,574
22.474,85,900,181.1,run,578
22.554,85,802,165.4,run,582
22.635,85,780,164.3,run,586
22.717,86,675,162.5,run,590
22.802,86,667,150.5,run,594
22.882,85,667,91.0,cool,600
22.992,85,1297,74.6,cool,600
23.049,86,720,215.2,run,604
23.135,86,697,141.3,run,608
23.216,86,780,157.2,run,612
23.295,86,817,168.5,run,616
23.375,86,697,152.9,run,620
23.458,86,675,150.4,run,624
23.536,86,577,150.8,run,628
23.621,86,555,137.0,run,632
23.703,86,555,134.8,run,632
23.784,86,465,122.9,run,636
23.866,86,457,120.2,run,640
23.947,86,360,121.3,run,640
24.073,85,307,89.5,run,644
24.127,85,135,89.8,run,644
24.221,85,150,73.4,run,644
24.282,85,135,73.5,run,644
24.347,84,135,72.2,run,644
24.401,84,135,73.0,run,644
24.463,84,135,71.1,run,648
24.526,84,135,73.0,run,648
24.584,84,135,72.5,run,648
24.645,84,135,72.5,run,648
24.705,84,135,73.2,run,648
24.765,83,135,56.5,cool,650
24.825,83,180,56.1,run,650
24.93,83,135,72.4,run,650
24.993,83,135,71.5,run,650
25.048,83,135,72.5,run,650
25.108,83,135,70.4,run,650
25.168,83,135,72.2,run,650
25.23,83,135,71.7,run,650
25.289,83,135,71.8,run,650
25.353,83,135,72.8,run,650
25.412,83,135,71.6,run,654
25.471,83,135,72.1,run,654
25.535,83,135,70.8,run,654
25.591,82,135,72.4,run,654
25.654,82,135,70.0,run,654
25.714,82,135,71.8,run,654
25.773,82,135,72.2,run,654
25.835,82,135,71.3,run,654
25.894,82,135,71.8,run,654
25.957,82,135,71.0,run,658
26.015,82,135,71.4,run,658
26.075,82,135,70.3,run,658
26.138,82,135,71.4,run,658
26.196,82,135,69.2,run,658
26.258,82,135,71.3,run,658
26.316,82,135,72.4,run,658
26.377,82,135,71.1,run,658
26.438,82,135,71.6,run,658
26.497,82,135,70.9,run,662
26.559,82,135,71.4,run,662
26.618,81,135,69.9,run,662
26.678,81,135,71.2,run,662
26.741,81,135,69.0,run,662
26.799,81,135,71.0,run,662
26.86,81,135,71.6,run,662
26.919,81,135,70.7,run,662
26.981,81,135,71.2,run,662
27.042,81,142,70.2,run,666
27.103,81,150,71.1,run,666
27.166,81,150,69.3,run,666
27.222,81,150,71.1,run,666
27.282,81,157,68.7,run,666
27.346,81,165,70.7,run,666
27.405,81,172,71.1,run,666
27.466,81,195,70.5,run,666
27.525,81,195,70.9,run,666
27.584,81,195,69.9,run,670
27.642,81,202,70.8,run,670
27.705,81,210,69.0,run,670
27.769,81,210,70.8,run,670
27.824,81,210,70.3,run,670
27.885,81,225,70.5,run,670
28.039,81,202,85.9,run,670
28.094,81,270,84.5,run,674
28.202,81,307,86.8,run,674
28.302,81,345,84.1,run,678
28.405,81,352,86.9,run,678
28.506,81,367,86.3,run,678
28.611,81,375,86.6,run,682
28.707,81,390,85.9,run,682
28.76,81,412,87.1,run,682
28.856,81,420,84.9,run,686
28.957,81,427,84.9,run,686
29.06,81,427,85.9,run,686
29.163,81,450,84.2,run,690
29.265,82,487,123.1,run,690
29.319,82,510,122.1,run,694
29.444,82,532,108.0,cool,700
29.522,82,1155,60.2,cool,700
29.58,83,982,247.4,run,704
29.683,83,735,130.3,run,708
29.761,84,840,161.8,run,712
29.843,84,885,177.0,run,716
29.923,84,772,160.6,run,720
30.007,84,750,159.2,run,724
30.088,85,645,158.5,run,728
30.167,85,637,145.9,run,732
30.251,85,630,142.6,run,736
30.332,85,547,130.8,run,740
30.415,84,532,127.8,run,740
30.495,84,435,127.6,run,744
30.578,84,360,88.5,run,748
30.708,84,360,88.0,run,748
30.765,83,135,67.8,cool,750
30.818,83,225,56.6,run,750
30.911,83,135,91.1,run,750
30.974,83,157,72.2,run,750
31.033,83,135,72.8,run,750
31.094,83,135,71.6,run,750
31.153,83,135,72.4,run,750
31.212,83,135,70.7,run,750
31.272,83,135,72.2,run,750
31.334,82,135,70.1,run,754
31.394,82,135,71.9,run,754
31.455,82,135,73.5,run,754
31.515,82,135,71.5,run,754
31.575,82,135,72.5,run,754
31.637,82,135,71.0,run,754
31.694,82,135,71.8,run,754
31.756,82,135,70.1,run,754
31.817,82,135,71.8,run,754
31.877,82,135,69.5,run,758
31.937,82,135,71.2,run,758
31.998,82,135,72.7,run,758
32.057,82,135,71.1,run,758
32.118,82,135,71.9,run,758
32.178,82,135,70.5,run,758
32.24,82,135,71.5,run,758
32.299,81,135,69.3,run,758
32.359,82,135,71.3,run,758
32.419,81,135,70.1,run,762
32.481,81,135,70.9,run,762
32.54,81,135,71.8,run,762
32.601,81,135,70.7,run,762
32.66,81,135,71.5,run,762
32.721,81,135,70.0,run,762
32.781,81,142,71.4,run,762
32.846,81,142,69.1,run,762
32.903,81,142,71.2,run,762
32.962,81,150,70.5,run,766
33.028,81,165,70.7,run,766
33.086,81,165,71.8,run,766
33.144,81,172,70.4,run,766
33.206,81,180,71.0,run,766
33.267,81,180,69.5,run,766
33.326,81,187,70.8,run,766
33.387,81,202,68.6,run,766
33.45,81,210,70.6,run,766
33.508,81,210,71.2,run,766
33.566,81,225,70.4,run,770
33.631,81,202,85.3,run,770
33.689,81,240,85.6,run,770
33.796,81,277,85.3,run,770
33.851,81,300,84.5,run,774
33.956,81,337,85.0,run,774
34.055,81,345,84.9,run,774
34.161,81,360,85.5,run,778
34.264,81,382,87.2,run,778
34.368,81,397,85.9,run,782
34.473,81,412,87.1,run,782
34.614,81,420,85.4,run,782
34.718,81,435,87.2,run,786
34.82,81,442,85.3,run,786
34.924,82,345,127.7,run,790
34.985,81,502,101.5,run,790
35.038,82,382,110.9,run,790
35.091,82,382,137.0,run,794
35.218,82,510,118.0,cool,800
35.351,82,1297,69.7,cool,800
35.407,83,757,266.4,run,804
35.487,83,532,130.6,run,808
35.571,83,540,128.4,run,808
35.651,83,517,126.6,run,812
35.732,83,517,126.4,run,816
35.812,83,465,127.2,run,820
35.941,83,465,119.2,run,820
36.02,83,435,118.7,run,824
36.161,83,360,86.2,run,828
36.214,83,360,88.1,run,828
36.311,83,187,84.8,run,828
36.367,82,202,73.1,run,828
36.428,82,172,71.4,run,828
36.491,82,157,72.2,run,828
36.551,82,150,70.9,run,832
36.613,82,150,71.8,run,832
36.668,82,150,69.9,run,832
36.733,82,150,71.7,run,832
36.791,82,150,71.2,run,832
36.852,82,157,71.2,run,832
36.916,82,150,72.2,run,832
36.975,82,157,71.0,run,832
37.035,82,157,71.4,run,832
37.094,82,157,70.3,run,836
37.151,82,157,71.2,run,836
37.214,82,150,69.0,run,836
37.276,82,150,71.2,run,836
37.336,81,150,71.3,run,836
37.396,81,157,70.8,run,836
37.457,81,157,71.9,run,836
37.517,81,172,70.6,run,836
37.577,81,172,71.1,run,836
37.636,81,172,69.8,run,840
37.696,81,187,71.2,run,840
37.759,81,187,68.8,run,840
37.818,81,195,70.9,run,840
37.879,81,195,71.6,run,840
37.94,81,210,70.6,run,840
38.0,81,217,71.9,run,840
38.06,81,217,70.5,run,840
38.121,81,232,71.1,run,840
38.181,81,217,86.7,run,844
38.243,81,262,87.8,run,844
38.351,81,307,85.6,run,844
38.451,81,337,87.0,run,848
38.555,81,360,60.7,cool,850
38.658,81,697,56.7,cool,850
38.711,82,495,190.7,run,850
38.788,82,450,118.8,run,854
38.908,82,442,116.9,run,858
38.992,82,345,117.5,run,862
39.129,82,382,87.2,run,862
39.182,82,382,87.7,run,862
39.267,82,382,87.4,run,862
39.32,82,382,86.7,run,866
39.374,82,390,87.5,run,866
39.516,82,382,86.1,run,866
39.573,82,382,85.2,run,870
39.631,82,390,88.5,run,870
39.684,82,382,86.4,run,870
39.784,82,390,87.7,run,874
39.924,82,382,86.2,run,874
39.983,82,382,85.2,run,874
40.038,82,390,88.2,run,874
40.091,82,382,86.5,run,878
40.195,82,390,87.6,run,878
40.335,82,382,86.1,run,878
40.392,82,382,85.1,run,882
40.45,82,390,88.5,run,882
40.505,82,382,86.6,run,882
40.604,82,390,87.7,run,886
40.744,82,382,86.3,run,886
40.8,82,382,85.3,run,886
40.858,82,382,88.7,run,886
40.91,82,382,86.6,run,890
41.015,82,382,87.8,run,890
41.108,82,382,87.3,run,890
41.161,82,382,86.4,run,890
41.214,82,405,87.9,run,894
41.322,81,405,87.1,run,894
41.429,82,427,84.8,run,898
41.536,81,427,85.8,run,898
41.641,81,780,55.6,cool,900
41.721,82,990,241.6,run,904
41.834,83,510,120.5,run,908
41.917,83,510,124.9,run,908
41.993,83,480,120.8,run,912
42.075,83,472,118.6,run,916
42.156,83,435,119.1,run,920
42.296,83,352,88.2,run,920
42.349,82,367,85.9,run,920
42.445,82,375,87.8,run,920
42.547,82,367,87.1,run,924
42.649,82,367,85.6,run,924
42.708,82,382,88.1,run,924
42.761,82,367,86.0,run,928
42.859,82,382,87.8,run,928
43.002,82,375,85.8,run,928
43.058,82,375,85.1,run,932
43.117,82,390,88.2,run,932
43.17,82,367,85.9,run,932
43.268,82,382,87.8,run,936
43.411,82,375,85.5,run,936
43.467,82,375,85.3,run,936
43.525,82,382,87.9,run,936
43.578,82,375,86.0,run,940
43.677,82,382,87.6,run,940
43.821,82,375,85.6,run,940
43.876,82,375,85.3,run,944
43.935,82,382,88.3,run,944
43.987,82,375,86.3,run,944
44.087,82,382,87.7,run,948
44.231,82,375,86.0,run,948
44.287,82,375,76.4,cool,950
44.344,82,825,56.7,cool,950
44.42,83,682,235.8,run,950
44.484,83,457,119.8,run,954
44.569,83,435,89.1,run,958
44.651,82,360,85.5,run,958
44.704,82,375,87.9,run,958
44.806,82,367,85.9,run,962
44.909,82,382,87.9,run,962
45.052,82,375,85.7,run,962
45.107,82,375,86.1,run,966
45.166,82,375,86.6,run,966
45.257,82,375,85.7,run,966
45.313,82,375,85.8,run,966
45.37,82,390,88.0,run,966
45.423,82,375,85.7,run,970
45.519,82,375,85.7,run,970
45.574,82,382,87.8,run,970
45.627,82,375,85.8,run,974
45.726,82,375,85.3,run,974
45.779,82,382,88.0,run,974
45.832,82,375,86.0,run,974
45.932,82,382,87.5,run,978
46.075,82,375,85.6,run,978
46.131,82,375,85.5,run,978
46.189,82,382,88.0,run,978
46.241,82,367,86.1,run,982
46.342,82,382,87.4,run,982
46.486,82,375,85.6,run,986
46.541,82,375,85.1,run,986
46.599,82,382,88.1,run,986
46.652,82,375,86.2,run,986
46.751,82,375,85.1,run,990
46.807,82,382,88.3,run,990
46.86,82,375,85.6,run,990
46.951,82,375,85.4,run,990
47.006,82,382,87.8,run,990
47.059,82,375,85.9,run,994
47.158,82,382,87.7,run,994
47.298,82,375,85.7,run,998
47.359,82,375,85.3,run,998
47.416,82,382,87.9,run,998
47.469,81,712,55.5,cool,1000
47.555,83,622,244.1,run,1004
47.643,83,427,93.9,run,1004
47.726,82,450,88.4,run,1008
47.856,83,495,118.6,run,1008
47.91,83,435,126.1,run,1012
48.047,82,352,88.4,run,1012
48.1,82,367,85.9,run,1016
48.195,82,375,87.8,run,1016
48.297,82,375,87.1,run,1016
48.351,82,375,85.8,run,1020
48.404,82,375,87.3,run,1020
48.494,82,375,86.6,run,1020
48.547,82,367,87.5,run,1024
48.68,82,375,85.2,run,1024
48.786,82,382,87.5,run,1024
48.841,82,375,86.8,run,1024
48.896,82,375,87.7,run,1028
49.031,82,375,85.7,run,1028
49.084,82,375,88.3,run,1028
49.137,82,375,86.7,run,1032
49.239,82,382,87.9,run,1032
49.375,82,375,86.6,run,1032
49.436,82,375,85.6,run,1036
49.495,82,375,88.5,run,1036
49.548,82,375,86.9,run,1036
49.649,82,375,87.9,run,1036
49.744,82,375,87.6,run,1040
49.797,82,375,86.9,run,1040
49.849,82,375,85.6,run,1040
49.902,82,375,88.4,run,1040
49.955,82,375,86.8,run,1044
50.059,82,375,88.3,run,1044
50.151,82,375,87.5,run,1044
50.204,82,375,86.8,run,1044
50.257,82,375,85.7,run,1048
50.313,82,375,88.6,run,1048
50.366,82,375,59.7,cool,1050
50.465,81,982,69.7,run,1050
50.569,83,667,134.0,run,1054
50.637,83,772,151.4,run,1058
50.718,84,832,166.2,run,1062
50.799,84,690,151.2,run,1066
50.882,84,667,147.1,run,1070
50.967,84,570,147.6,run,1074
51.048,84,555,134.1,run,1078
51.129,84,547,132.5,run,1082
51.211,84,465,120.2,run,1082
51.288,84,465,90.8,run,1086
51.374,84,232,91.8,run,1086
51.512,83,202,74.3,run,1086
51.57,83,165,72.1,run,1090
51.634,83,135,72.5,run,1090
51.697,83,135,71.6,run,1090
51.754,83,135,72.1,run,1090
51.813,83,135,70.6,run,1090
51.875,83,135,72.0,run,1090
51.934,83,135,69.8,run,1090
51.995,83,135,71.7,run,1090
52.056,82,135,72.8,run,1090
52.114,82,135,71.5,run,1094
52.177,82,135,71.9,run,1094
52.236,82,135,71.1,run,1094
52.298,82,135,71.9,run,1094
52.358,82,135,69.9,run,1094
52.417,82,135,71.8,run,1094
52.481,82,135,70.1,run,1094
52.539,82,135,71.2,run,1094
52.6,82,135,72.1,run,1094
52.66,82,135,71.2,run,1098
52.72,82,135,71.8,run,1098
52.782,82,135,70.6,run,1098
52.841,82,135,71.6,run,1098
52.904,82,135,59.0,cool,1100
52.964,82,165,54.9,cool,1100
53.022,82,202,69.4,run,1100
53.084,82,135,71.2,run,1100
53.147,82,135,69.8,run,1100
53.205,81,135,71.1,run,1100
53.267,81,135,68.9,run,1100
53.325,81,135,71.1,run,1100
53.387,81,135,71.5,run,1100
53.446,81,135,70.8,run,1100
53.511,81,135,71.3,run,1100
53.569,81,135,70.4,run,1104
53.627,81,135,71.0,run,1104
53.691,81,135,69.4,run,1104
53.749,81,135,71.2,run,1104
53.811,81,142,69.0,run,1104
53.874,81,157,70.8,run,1104
53.933,81,165,71.6,run,1104
53.995,81,172,70.5,run,1104
54.054,81,172,71.1,run,1104
54.116,81,180,70.3,run,1108
54.177,81,187,71.0,run,1108
54.236,81,187,69.4,run,1108
54.297,81,195,70.7,run,1108
54.356,81,202,68.5,run,1108
54.42,81,210,70.5,run,1108
54.48,81,217,71.5,run,1108
54.539,81,232,70.4,run,1108
54.6,81,202,85.1,run,1112
54.661,81,277,72.2,run,1112
54.72,81,225,86.4,run,1112
54.782,81,292,84.6,run,1112
54.886,81,330,86.7,run,1116
54.989,81,345,84.6,run,1116
55.093,81,367,86.9,run,1116
55.198,81,382,84.7,run,1120
55.337,81,397,85.5,run,1120
55.444,81,412,87.0,run,1124
55.543,81,427,85.7,run,1124
55.648,81,427,84.2,run,1124
55.746,81,465,85.5,run,1128
55.853,82,495,118.6,run,1128
55.909,82,502,122.7,run,1132
55.985,82,525,123.8,run,1136
56.067,83,532,125.1,run,1140
56.206,83,472,120.5,run,1144
56.281,83,472,118.8,run,1144
56.364,82,442,87.5,cool,1150
56.498,82,622,56.9,cool,1150
56.551,83,1275,201.0,run,1150
56.611,84,427,143.9,run,1154
56.694,83,375,87.9,run,1154
56.786,83,382,85.3,run,1158
56.89,82,390,87.1,run,1158
56.997,82,397,88.0,run,1162
57.139,82,390,86.8,run,1162
57.195,82,390,85.3,run,1162
57.248,82,390,87.2,run,1162
57.346,82,390,86.7,run,1166
57.401,82,390,85.9,run,1166
57.461,82,397,87.3,run,1166
57.514,82,397,87.1,run,1166
57.617,82,397,88.2,run,1170
57.709,82,390,87.7,run,1170
57.763,82,390,86.9,run,1170
57.815,82,390,86.2,run,1170
57.872,82,390,85.2,run,1174
57.924,82,390,87.2,run,1174
58.027,82,390,88.4,run,1174
58.121,82,390,87.8,run,1174
58.174,82,390,88.5,run,1178
58.261,82,390,87.7,run,1178
58.314,82,390,85.7,run,1178
58.404,82,397,88.4,run,1182
58.511,82,390,86.9,run,1182
58.566,82,390,85.9,run,1182
58.619,82,390,87.2,run,1182
58.708,82,390,86.5,run,1186
58.761,82,397,87.5,run,1186
58.893,82,397,85.3,run,1186
58.949,82,390,87.4,run,1190
59.125,82,390,85.6,run,1190
59.221,82,397,88.2,run,1194
59.328,82,390,85.3,run,1194
59.425,82,397,88.1,run,1194
59.531,82,390,86.7,run,1198
59.587,82,390,85.8,run,1198
59.64,82,390,58.1,cool,1200
59.729,82,1065,59.0,cool,1200
59.786,84,975,207.9,run,1204
59.858,84,915,190.6,run,1208
59.941,84,915,182.1,run,1212
60.023,85,817,168.7,run,1216
60.103,85,810,169.3,run,1220
60.18,85,802,168.9,run,1224
60.233,85,720,154.2,run,1228
60.306,85,697,151.3,run,1232
60.387,85,592,150.4,run,1236
60.47,85,592,138.9,run,1240
60.552,85,592,138.4,run,1244
60.63,85,495,125.5,run,1244
60.711,85,487,75.6,cool,1250
60.792,84,135,68.7,cool,1250
60.871,84,135,72.8,run,1250
60.968,84,135,71.1,run,1250
61.029,84,135,72.6,run,1250
61.087,84,135,70.2,run,1250
61.149,84,135,72.3,run,1250
61.208,83,135,72.9,run,1250
61.271,83,135,72.0,run,1250
61.329,83,135,72.6,run,1250
61.389,83,135,71.4,run,1254
61.45,83,135,72.5,run,1254
61.509,83,135,70.3,run,1254
61.57,83,135,72.4,run,1254
61.632,83,135,71.8,run,1254
61.692,83,135,71.8,run,1254
61.751,83,135,72.5,run,1254
61.81,83,135,71.5,run,1254
61.874,83,135,71.8,run,1254
61.932,82,135,70.7,run,1258
61.991,82,135,72.1,run,1258
62.054,82,135,69.8,run,1258
62.113,82,135,71.8,run,1258
62.174,82,135,72.8,run,1258
62.235,82,135,71.5,run,1258
62.295,82,135,72.3,run,1258
62.355,82,135,71.2,run,1258
62.414,82,135,71.7,run,1258
62.477,82,135,70.2,run,1262
62.534,82,135,71.8,run,1262
62.596,82,135,69.4,run,1262
62.659,82,135,71.7,run,1262
62.717,82,135,72.6,run,1262
62.777,82,135,71.2,run,1262
62.838,82,135,72.1,run,1262
62.898,82,135,70.9,run,1262
62.957,82,135,71.6,run,1262
63.017,82,135,69.9,run,1266
63.078,82,135,71.6,run,1266
63.138,82,135,69.4,run,1266
63.198,82,135,71.1,run,1266
63.261,82,135,71.8,run,1266
63.321,81,135,71.0,run,1266
63.379,82,135,71.7,run,1266
63.443,81,135,70.4,run,1266
63.5,81,135,71.4,run,1266
63.56,81,135,69.4,run,1270
63.62,81,135,71.2,run,1270
63.682,81,135,68.8,run,1270
63.743,81,135,71.0,run,1270
63.802,81,135,72.2,run,1270
63.864,81,135,70.9,run,1270
63.923,81,135,71.4,run,1270
63.983,81,135,70.2,run,1270
64.045,81,142,71.5,run,1270
64.106,81,150,69.2,run,1274
64.167,81,157,71.2,run,1274
64.228,81,157,71.8,run,1274
64.285,81,165,70.8,run,1274
64.349,81,172,71.9,run,1274
64.408,81,180,70.6,run,1274
64.47,81,180,70.8,run,1274
64.527,81,195,69.7,run,1274
64.588,81,202,71.2,run,1274
64.652,81,202,68.8,run,1278
64.708,81,210,71.0,run,1278
64.772,81,217,71.8,run,1278
64.832,81,232,70.5,run,1278
64.891,81,202,85.9,run,1278
64.953,81,255,85.9,run,1278
65.061,81,300,88.0,run,1282
65.162,81,337,86.5,run,1282
65.267,81,345,87.8,run,1282
65.362,81,360,87.2,run,1286
65.465,81,367,85.9,run,1286
65.568,81,382,87.5,run,1290
65.67,81,390,85.9,run,1290
65.776,81,412,87.6,run,1290
65.877,81,420,86.1,run,1294
65.98,81,435,87.7,run,1294
66.084,81,442,84.9,run,1294
66.142,82,487,117.3,run,1298
66.229,81,510,60.4,cool,1300
66.284,81,1297,70.9,cool,1300
66.337,84,870,265.4,run,1304
66.404,83,577,131.9,run,1308
66.484,83,577,131.9,run,1308
66.568,83,540,128.2,run,1312
66.649,83,525,126.8,run,1316
66.728,83,495,126.3,run,1320
66.812,83,487,121.5,run,1320
66.893,84,487,122.2,run,1324
66.97,84,450,121.6,run,1328
67.052,84,442,117.8,run,1328
67.172,84,307,117.7,run,1332
67.225,83,277,90.2,run,1332
67.278,83,210,82.4,run,1332
67.331,83,165,71.8,run,1332
67.433,83,135,72.7,run,1332
67.491,83,135,71.5,run,1336
67.548,82,135,71.8,run,1336
67.609,82,135,70.7,run,1336
67.668,82,135,72.0,run,1336
67.731,82,135,69.6,run,1336
67.788,82,135,71.8,run,1336
67.849,82,135,72.5,run,1336
67.912,82,135,71.3,run,1336
67.97,82,135,72.3,run,1336
68.032,82,135,71.1,run,1340
68.091,82,135,71.7,run,1340
68.149,82,135,70.2,run,1340
68.211,82,135,71.4,run,1340
68.27,82,135,69.2,run,1340
68.334,82,135,71.3,run,1340
68.392,82,135,72.1,run,1340
68.453,82,135,71.1,run,1340
68.514,82,135,71.7,run,1340
68.573,82,135,70.8,run,1344
68.633,82,135,71.4,run,1344
68.694,82,135,69.7,run,1344
68.755,81,135,71.2,run,1344
68.815,82,135,68.8,run,1344
68.874,81,135,70.9,run,1344
68.937,81,135,71.6,run,1344
68.995,81,135,70.7,run,1344
69.056,81,135,71.2,run,1344
69.117,81,135,70.1,run,1348
69.174,81,135,70.9,run,1348
69.237,81,142,68.8,run,1348
69.298,81,142,71.1,run,1348
69.358,81,142,71.3,run,1348
69.418,81,202,54.8,cool,1350
69.479,81,232,87.8,run,1350
69.59,81,210,85.5,run,1350
69.685,81,247,72.2,run,1350
69.748,81,165,86.7,run,1350
69.809,81,217,69.4,run,1354
69.866,81,217,71.0,run,1354
69.929,81,217,71.3,run,1354
69.988,81,217,70.6,run,1354
70.048,81,225,71.0,run,1354
70.11,81,225,86.8,run,1354
70.169,81,255,86.6,run,1358
70.273,81,292,84.2,run,1358
70.378,81,315,84.7,run,1358
70.473,81,337,87.6,run,1358
70.527,81,352,85.9,run,1362
70.62,81,345,84.6,run,1362
70.724,81,382,87.0,run,1366
70.829,81,375,84.9,run,1366
70.882,81,390,88.4,run,1366
70.935,81,405,86.2,run,1366
71.031,81,405,85.0,run,1370
71.086,81,420,86.6,run,1370
71.175,81,427,86.0,run,1370
71.276,81,427,87.7,run,1370
71.334,81,427,87.7,run,1374
71.415,82,427,85.0,run,1374
71.505,82,435,87.3,run,1378
71.648,82,427,84.9,run,1378
71.701,82,427,86.5,run,1378
71.785,82,427,85.4,run,1378
71.838,82,427,86.8,run,1382
71.924,82,427,85.9,run,1382
71.977,82,427,87.2,run,1382
72.068,82,427,86.5,run,1382
72.12,82,442,87.1,run,1386
72.254,82,427,84.5,run,1386
72.31,82,427,85.6,run,1386
72.401,82,427,85.7,run,1390
72.453,82,427,84.6,run,1390
72.506,82,427,85.7,run,1390
72.609,82,427,88.0,run,1390
72.702,82,420,85.5,run,1394
72.79,82,420,85.3,run,1394
72.846,82,427,85.5,run,1394
72.934,82,427,84.5,run,1398
72.988,82,435,88.0,run,1398
73.041,82,427,59.9,cool,1400
73.142,81,1072,59.9,run,1400
73.233,83,510,149.2,run,1404
73.312,83,532,124.8,run,1408
73.392,83,555,129.8,run,1408
73.473,83,562,132.2,run,1412
73.552,83,525,127.3,run,1416
73.632,83,510,125.0,run,1420
73.714,83,480,124.4,run,1420
73.796,83,472,121.2,run,1424
73.913,83,435,120.1,run,1428
73.998,83,337,117.5,run,1432
74.132,83,360,88.4,run,1432
74.185,83,195,80.9,run,1432
74.24,83,210,73.3,run,1432
74.294,83,150,70.7,run,1432
74.36,83,150,72.0,run,1432
74.417,82,150,69.9,run,1436
74.476,82,157,71.7,run,1436
74.539,82,157,72.3,run,1436
74.597,82,165,71.2,run,1436
74.659,82,157,71.8,run,1436
74.72,82,157,70.9,run,1436
74.776,82,157,71.8,run,1436
74.839,82,157,69.9,run,1436
74.897,82,157,71.3,run,1436
74.958,82,157,69.1,run,1440
75.02,82,157,71.1,run,1440
75.079,82,157,72.2,run,1440
75.14,82,165,71.1,run,1440
75.203,82,157,71.7,run,1440
75.263,82,157,70.5,run,1440
75.319,82,157,71.4,run,1440
75.381,82,157,69.6,run,1440
75.443,82,157,71.3,run,1440
75.502,81,157,70.7,run,1444
75.561,81,157,71.0,run,1444
75.624,81,165,71.7,run,1444
75.685,81,180,70.7,run,1444
75.746,81,180,71.1,run,1444
75.804,81,187,69.9,run,1444
75.865,81,195,71.2,run,1444
75.928,81,202,69.0,run,1444
75.987,81,210,71.2,run,1444
76.049,81,217,71.9,run,1448
76.108,81,225,68.8,run,1448
76.168,81,195,85.9,run,1448
76.23,81,247,57.9,cool,1450
76.336,81,945,57.2,run,1450
76.438,82,412,129.2,run,1454
76.508,82,337,88.3,run,1454
76.643,82,330,86.7,run,1458
76.699,82,330,85.7,run,1458
76.752,82,330,87.6,run,1458
76.852,82,330,86.4,run,1462
76.946,82,330,88.3,run,1462
77.005,82,330,87.7,run,1462
77.06,82,330,88.5,run,1462
77.147,82,330,87.9,run,1462
77.2,82,330,87.4,run,1466
77.253,82,330,88.5,run,1466
77.348,82,337,87.7,run,1466
77.401,82,337,87.7,run,1470
77.489,82,337,88.5,run,1470
77.55,82,330,87.4,run,1470
77.603,82,330,88.7,run,1470
77.691,82,337,88.5,run,1474
77.8,82,330,88.3,run,1474
77.897,82,337,88.1,run,1474
78.005,82,330,86.6,run,1478
78.062,82,330,85.9,run,1478
78.12,82,337,85.2,run,1478
78.173,82,337,86.4,run,1478
78.263,82,337,85.2,run,1482
78.316,82,337,86.6,run,1482
78.402,82,337,85.4,run,1482
78.455,82,337,86.7,run,1482
78.542,82,337,86.0,run,1486
78.595,82,330,87.4,run,1486
78.687,82,330,86.8,run,1486
78.742,82,330,85.8,run,1486
78.795,82,330,87.2,run,1490
78.888,82,330,86.6,run,1490
78.945,82,330,85.5,run,1490
78.998,82,330,87.3,run,1490
79.098,82,330,87.6,run,1494
79.192,82,345,87.6,run,1494
79.245,82,330,87.3,run,1494
79.298,82,330,88.8,run,1494
79.393,82,330,87.4,run,1498
79.446,82,330,87.2,run,1498
79.499,81,600,56.1,cool,1500
79.586,82,1155,192.3,run,1504
79.698,83,825,155.5,run,1508
79.772,84,982,184.4,run,1512
79.85,85,892,209.5,run,1516
79.931,85,885,179.9,run,1520
80.013,85,885,179.4,run,1528
80.095,85,802,166.8,run,1532
80.174,85,780,163.5,run,1536
80.253,86,682,164.8,run,1540
80.337,86,667,152.2,run,1544
80.42,86,675,148.6,run,1548
80.5,85,997,63.5,cool,1550
80.562,85,1297,85.6,run,1550
80.617,87,525,219.1,run,1562
80.791,86,892,167.9,run,1562
80.859,87,937,188.8,run,1570
80.934,87,802,172.0,run,1574
81.02,87,795,167.4,run,1578
81.095,87,705,168.4,run,1582
81.179,87,697,156.4,run,1586
81.262,87,697,154.3,run,1590
81.341,87,600,138.8,run,1594
81.425,87,592,137.8,run,1598
81.505,87,682,67.1,cool,1600
81.582,86,1297,76.2,cool,1600
81.638,88,555,248.9,run,1604
81.706,87,577,126.7,run,1608
81.823,88,817,164.0,run,1612
81.905,88,675,178.6,run,1616
81.986,88,667,154.5,run,1620
82.069,87,727,138.7,run,1624
82.147,87,352,96.6,run,1624
82.233,87,277,91.1,run,1624
82.287,87,285,90.4,run,1628
82.34,86,135,89.2,run,1628
82.402,86,142,75.7,run,1628
82.463,86,135,72.4,run,1628
82.529,86,135,74.4,run,1628
82.584,86,135,71.9,run,1628
82.645,86,135,73.9,run,1628
82.704,85,135,75.1,run,1628
82.765,85,135,73.7,run,1632
82.825,85,135,74.3,run,1632
82.886,85,135,73.2,run,1632
82.948,85,135,73.9,run,1632
83.006,85,135,71.9,run,1632
83.067,85,135,73.7,run,1632
83.128,85,135,71.2,run,1632
83.188,85,135,73.3,run,1632
83.248,85,135,73.9,run,1632
83.308,84,135,72.9,run,1636
83.367,84,135,73.7,run,1636
83.429,84,135,72.2,run,1636
83.49,84,135,73.3,run,1636
83.55,84,135,71.1,run,1636
83.61,84,135,73.2,run,1636
83.67,84,135,73.4,run,1636
83.732,84,135,72.7,run,1636
83.791,84,135,73.6,run,1636
83.852,84,135,72.5,run,1640
83.912,84,135,73.1,run,1640
83.972,84,135,71.8,run,1640
84.033,84,135,73.0,run,1640
84.094,84,135,70.8,run,1640
84.155,84,135,72.7,run,1640
84.215,84,135,73.7,run,1640
84.273,83,135,72.3,run,1640
84.335,83,135,72.9,run,1640
84.395,83,135,72.1,run,1644
84.453,83,135,72.6,run,1644
84.514,83,135,71.1,run,1644
84.575,83,135,72.8,run,1644
84.635,83,135,70.7,run,1644
84.694,83,135,72.3,run,1644
84.757,83,135,73.0,run,1644
84.815,83,135,71.9,run,1644
84.876,83,135,73.0,run,1644
84.939,83,135,71.7,run,1648
84.996,83,135,72.5,run,1648
85.058,83,135,70.8,run,1648
85.117,83,135,72.5,run,1648
85.179,83,135,66.2,cool,1650
85.24,83,150,55.8,cool,1650
85.299,83,165,68.1,run,1650
85.361,83,135,72.2,run,1650
85.424,83,135,70.0,run,1650
85.479,83,135,72.0,run,1650
85.541,83,135,72.9,run,1650
85.601,82,135,71.6,run,1650
85.662,82,135,72.6,run,1650
85.722,82,135,71.3,run,1650
85.781,82,135,71.7,run,1650
85.842,82,135,70.5,run,1654
85.9,82,135,71.7,run,1654
85.964,82,135,69.5,run,1654
86.023,82,135,71.5,run,1654
86.083,82,135,72.7,run,1654
86.145,82,135,71.4,run,1654
86.203,82,135,72.3,run,1654
86.265,82,135,71.1,run,1654
86.323,82,135,72.3,run,1654
86.383,82,135,70.3,run,1658
86.444,82,135,71.8,run,1658
86.505,82,135,69.6,run,1658
86.566,82,135,71.4,run,1658
86.626,82,135,72.7,run,1658
86.684,82,135,71.2,run,1658
86.748,82,135,72.0,run,1658
86.806,82,135,70.8,run,1658
86.868,82,135,71.8,run,1658
86.927,82,135,69.8,run,1662
86.989,82,135,71.7,run,1662
87.049,82,135,70.7,run,1662
87.108,82,135,71.3,run,1662
87.171,82,135,72.4,run,1662
87.229,82,135,71.1,run,1662
87.29,82,135,71.9,run,1662
87.351,82,135,70.4,run,1662
87.41,82,135,71.5,run,1662
87.472,82,135,69.4,run,1666
87.531,82,135,71.4,run,1666
87.592,82,135,72.0,run,1666
87.652,82,135,71.1,run,1666
87.711,82,135,72.1,run,1666
87.775,82,135,71.0,run,1666
87.832,82,135,71.6,run,1666
87.892,82,135,70.1,run,1666
87.955,82,135,71.4,run,1666
88.013,81,135,69.2,run,1670
88.073,81,135,71.3,run,1670
88.133,81,135,72.2,run,1670
88.195,81,135,71.0,run,1670
88.255,81,135,71.7,run,1670
88.316,81,135,70.8,run,1670
88.474,81,135,70.9,run,1670
88.528,81,142,71.6,run,1670
88.588,81,142,70.5,run,1674
88.644,81,142,71.3,run,1674
88.705,81,150,69.7,run,1674
88.768,81,157,71.3,run,1674
88.829,81,165,69.2,run,1674
88.889,81,180,70.8,run,1674
88.948,81,180,71.7,run,1674
89.007,81,202,70.8,run,1674
89.069,81,195,71.5,run,1674
89.13,81,202,70.4,run,1678
89.192,81,202,71.3,run,1678
89.248,81,210,69.3,run,1678
89.311,81,217,71.1,run,1678
89.373,81,225,68.7,run,1678
89.432,81,210,88.8,run,1678
89.493,81,262,84.5,run,1682
89.6,81,307,86.6,run,1682
89.699,81,330,85.4,run,1682
89.803,82,345,87.3,run,1686
89.904,81,345,86.4,run,1686
89.96,82,345,85.5,run,1686
90.012,82,345,86.8,run,1686
90.101,82,345,86.0,run,1690
90.154,82,345,87.1,run,1690
90.242,82,345,86.4,run,1690
90.295,82,345,87.4,run,1690
90.384,82,345,86.6,run,1694
90.437,82,360,87.8,run,1694
90.568,82,345,85.3,run,1694
90.674,82,352,86.4,run,1698
90.779,82,495,56.0,cool,1700
90.908,83,555,220.3,run,1700
90.973,83,660,144.7,run,1704
91.055,83,712,150.5,run,1708
91.133,84,667,153.4,run,1712
91.217,84,667,145.9,run,1716
91.294,84,667,147.9,run,1720
91.373,84,585,133.5,run,1724
91.457,84,555,131.9,run,1728
91.537,84,465,130.9,run,1732
91.661,84,450,118.2,run,1736
91.781,84,367,90.0,run,1736
91.919,84,300,86.8,run,1740
91.976,84,135,81.0,run,1740
92.028,83,142,72.1,run,1740
92.081,83,135,73.1,run,1740
92.143,83,135,70.9,run,1740
92.201,83,135,72.5,run,1740
92.261,83,135,70.6,run,1740
92.321,83,135,72.0,run,1740
92.381,83,135,72.9,run,1740
92.442,83,135,71.7,run,1744
92.503,83,135,72.7,run,1744
92.563,83,135,71.2,run,1744
92.624,82,135,72.5,run,1744
92.683,82,135,70.3,run,1744
92.744,82,135,72.0,run,1744
92.804,82,135,72.2,run,1744
92.864,82,135,71.5,run,1744
92.926,82,135,72.4,run,1744
92.984,82,135,71.4,run,1748
93.046,82,135,72.1,run,1748
93.106,82,135,70.7,run,1748
93.164,82,135,72.1,run,1748
93.229,82,135,61.9,cool,1750
93.286,82,172,55.2,cool,1750
93.347,82,135,68.5,run,1750
93.456,82,135,71.3,run,1750
93.511,82,135,71.2,run,1750
93.571,82,135,72.6,run,1750
93.633,82,135,71.1,run,1750
93.691,82,135,71.7,run,1750
93.753,82,135,70.3,run,1750
93.812,82,135,71.5,run,1750
93.872,82,135,69.5,run,1754
93.935,82,135,71.6,run,1754
93.993,82,135,71.0,run,1754
94.058,82,135,71.1,run,1754
94.115,82,135,71.7,run,1754
94.174,81,135,70.9,run,1754
94.236,82,135,71.5,run,1754
94.293,81,135,70.2,run,1754
94.355,81,135,71.3,run,1754
94.414,81,135,69.2,run,1758
94.474,81,135,71.2,run,1758
94.537,81,135,71.7,run,1758
94.596,81,135,70.9,run,1758
94.659,81,142,71.7,run,1758
94.719,81,142,70.6,run,1758
94.778,81,150,71.5,run,1758
94.843,81,157,69.8,run,1758
94.901,81,172,71.2,run,1758
94.963,81,172,69.0,run,1762
95.02,81,172,71.0,run,1762
95.08,81,180,72.3,run,1762
95.143,81,202,70.8,run,1762
95.202,81,202,71.6,run,1762
95.263,81,210,70.3,run,1762
95.323,81,210,71.3,run,1762
95.381,81,210,69.6,run,1762
95.442,81,232,71.0,run,1762
95.503,81,210,86.4,run,1766
95.565,81,240,86.9,run,1766
95.673,81,307,84.8,run,1766
95.773,81,315,87.4,run,1770
95.875,81,345,85.5,run,1770
95.982,81,352,87.2,run,1770
96.084,81,375,85.7,run,1774
96.191,82,390,87.5,run,1774
96.334,82,382,87.3,run,1778
96.428,82,382,87.2,run,1778
96.481,82,382,87.6,run,1778
96.569,82,382,87.2,run,1778
96.622,82,382,88.4,run,1782
96.712,82,382,87.5,run,1782
96.765,82,382,88.2,run,1782
96.851,82,382,87.7,run,1782
96.903,82,375,85.4,run,1786
97.001,82,390,87.7,run,1786
97.109,82,375,85.9,run,1790
97.209,82,390,85.5,run,1790
97.312,82,382,87.4,run,1790
97.41,82,382,85.5,run,1794
97.471,82,390,88.4,run,1794
97.524,82,375,86.0,run,1794
97.62,82,375,84.1,run,1794
97.676,82,397,88.1,run,1794
97.729,82,382,85.9,run,1798
97.824,82,382,79.7,cool,1800
97.878,82,787,56.6,cool,1800
97.956,83,667,235.6,run,1800
98.018,83,487,90.0,run,1804
98.104,83,300,91.0,run,1808
98.238,82,240,86.7,run,1808
98.336,82,247,88.3,run,1808
98.442,82,247,86.5,run,1812
98.496,82,247,85.9,run,1812
98.549,82,247,87.0,run,1812
98.639,82,247,86.3,run,1812
98.697,82,247,85.6,run,1816
98.759,82,247,87.9,run,1816
98.817,82,247,88.7,run,1816
98.879,82,240,88.1,run,1816
98.932,82,240,89.5,run,1816
99.02,82,247,88.2,run,1820
99.128,82,240,86.9,run,1820
99.183,82,240,85.8,run,1820
99.236,82,247,87.4,run,1824
99.331,82,247,86.7,run,1824
99.385,82,247,85.5,run,1824
99.438,82,247,87.2,run,1824
99.529,82,247,86.6,run,1828
99.587,82,247,85.9,run,1828
99.641,82,247,87.0,run,1828
99.731,82,247,86.0,run,1828
99.787,82,247,85.3,run,1832
99.842,82,247,88.4,run,1832
99.895,82,255,87.8,run,1832
99.954,82,247,87.3,run,1832
100.057,82,247,86.3,run,1836
100.157,82,240,87.2,run,1836
100.217,82,240,86.9,run,1836
100.276,82,240,86.5,run,1836
100.337,82,247,85.9,run,1840
100.399,82,247,86.0,run,1840
100.456,82,247,88.4,run,1840
100.557,82,247,87.0,run,1840
100.615,82,247,85.7,run,1844
100.668,82,247,87.2,run,1844
100.759,82,247,86.9,run,1844
100.817,82,247,85.5,run,1844
100.87,82,247,87.2,run,1848
100.961,82,247,86.8,run,1848
101.019,82,247,74.6,cool,1850
101.071,82,675,55.8,cool,1850
101.15,83,427,175.6,run,1854
101.265,82,345,88.3,run,1854
101.318,82,352,85.8,run,1854
101.413,82,352,86.8,run,1854
101.47,82,367,88.0,run,1854
101.523,82,352,86.4,run,1858
101.622,82,367,87.8,run,1858
101.766,82,360,87.5,run,1862
101.861,82,360,87.5,run,1862
101.914,82,360,88.1,run,1862
102.001,82,352,87.7,run,1862
102.054,82,352,88.5,run,1866
102.182,82,352,86.8,run,1866
102.243,82,352,85.6,run,1866
102.295,82,352,87.2,run,1870
102.384,82,352,86.4,run,1870
102.437,82,352,87.3,run,1870
102.523,82,360,86.6,run,1870
102.576,82,352,87.7,run,1874
102.709,82,352,85.8,run,1874
102.769,82,360,88.7,run,1874
102.822,82,352,86.2,run,1878
102.914,82,352,85.9,run,1878
102.972,82,360,89.0,run,1878
103.025,82,352,86.1,run,1878
103.118,82,352,85.7,run,1882
103.177,82,360,88.7,run,1882
103.23,82,352,86.0,run,1882
103.323,82,352,85.9,run,1882
103.381,82,367,88.5,run,1882
103.434,82,352,85.9,run,1886
103.526,82,352,85.6,run,1886
103.585,82,367,88.5,run,1886
103.638,82,352,85.8,run,1890
103.73,82,352,85.5,run,1890
103.789,82,367,89.0,run,1890
103.842,82,352,86.3,run,1890
103.935,82,352,85.4,run,1894
103.993,82,360,88.5,run,1894
104.046,82,352,86.2,run,1894
104.14,82,352,85.6,run,1894
104.199,82,367,88.6,run,1894
104.252,82,352,86.0,run,1898
104.343,82,352,78.1,cool,1900
104.402,82,802,56.9,cool,1900
104.475,84,705,227.8,run,1900
104.536,83,457,117.5,run,1904
104.665,83,360,89.1,run,1908
104.794,83,360,86.6,run,1908
104.852,83,367,86.0,run,1908
104.905,83,187,84.4,run,1908
104.957,82,202,71.6,run,1912
105.018,82,142,72.0,run,1912
105.08,82,142,70.8,run,1912
105.138,82,142,71.9,run,1912
105.2,82,142,69.7,run,1912
105.259,82,142,71.8,run,1912
105.321,82,142,72.3,run,1912
105.379,82,150,71.2,run,1912
105.444,82,142,72.4,run,1912
105.504,82,142,71.2,run,1916
105.561,82,142,71.8,run,1916
105.624,82,142,70.3,run,1916
105.68,82,142,71.5,run,1916
105.742,82,142,69.5,run,1916
105.804,82,142,71.5,run,1916
105.863,82,142,72.3,run,1916
105.924,82,150,71.1,run,1916
105.986,82,142,71.8,run,1916
106.049,82,142,71.0,run,1920
106.105,82,142,71.3,run,1920
106.163,82,142,70.1,run,1920
106.226,82,142,71.4,run,1920
106.286,82,142,69.2,run,1920
106.346,82,142,71.4,run,1920
106.408,82,142,72.5,run,1920
106.467,81,150,70.9,run,1920
106.53,81,157,71.6,run,1920
106.59,81,157,70.8,run,1924
106.651,81,157,71.2,run,1924
106.708,81,172,69.7,run,1924
106.77,81,180,71.1,run,1924
106.834,81,180,68.6,run,1924
106.89,81,180,71.0,run,1924
106.951,81,195,72.0,run,1924
107.014,81,210,70.7,run,1924
107.073,81,210,71.7,run,1924
107.132,81,217,70.4,run,1928
107.193,81,225,71.2,run,1928
107.257,81,202,86.6,run,1928
107.315,81,262,87.6,run,1928
107.422,82,300,85.4,run,1932
107.522,82,337,87.9,run,1932
107.626,82,345,85.0,run,1932
107.768,82,345,86.2,run,1936
107.87,82,352,87.7,run,1936
108.013,82,345,86.0,run,1940
108.068,82,345,85.2,run,1940
108.126,82,352,88.5,run,1940
108.179,82,345,85.9,run,1940
108.276,82,352,87.9,run,1944
108.418,82,345,85.5,run,1944
108.474,82,345,85.5,run,1944
108.533,82,352,88.4,run,1944
108.586,82,345,85.9,run,1948
108.682,82,345,80.8,cool,1950
108.737,81,757,55.5,cool,1950
108.813,83,532,218.4,run,1954
108.931,82,330,87.8,run,1954
109.062,82,337,85.3,run,1958
109.118,82,352,88.8,run,1958
109.171,82,337,86.1,run,1958
109.266,82,352,87.9,run,1962
109.41,82,345,85.8,run,1962
109.463,82,345,89.5,run,1962
109.516,82,345,86.9,run,1962
109.617,82,345,88.0,run,1966
109.711,82,352,87.8,run,1966
109.819,82,345,85.9,run,1966
109.872,82,345,88.8,run,1966
109.925,82,345,86.8,run,1970
110.026,82,345,88.1,run,1970
110.121,82,345,87.7,run,1970
110.174,82,345,86.8,run,1974
110.226,82,352,88.0,run,1974
110.325,82,360,87.6,run,1974
110.429,82,345,85.5,run,1978
110.483,82,345,88.6,run,1978
110.536,82,345,86.7,run,1978
110.637,82,352,87.9,run,1982
110.779,82,345,86.5,run,1982
110.832,82,345,85.9,run,1982
110.885,82,345,87.0,run,1982
110.983,82,345,86.3,run,1986
111.036,82,345,85.9,run,1986
111.089,82,345,87.0,run,1986
111.187,82,345,86.6,run,1986
111.24,82,345,85.7,run,1990
111.301,82,345,89.0,run,1990
111.354,82,337,86.9,run,1990
111.455,82,345,88.0,run,1994
111.594,82,337,86.4,run,1994
111.699,82,345,88.3,run,1994
111.756,82,337,87.8,run,1994
111.809,82,345,88.2,run,1998
