t_s,temp_c,sm_clk_mhz,power_w,util_pct,throttle_thermal,throttle_powercap,reasons_raw
0.0,82,135,55.3,0,0,0,1
0.087,82,135,55.3,0,0,0,1
0.151,82,135,55.2,0,0,0,1
0.208,82,135,55.2,0,0,0,1
0.27,82,135,55.2,0,0,0,1
0.33,82,135,55.2,0,0,0,1
0.389,82,135,55.1,0,0,0,1
0.45,82,135,55.2,0,0,0,1
0.509,82,135,55.2,0,0,0,1
0.575,82,135,55.2,0,0,0,1
0.631,82,135,55.2,0,0,0,1
0.693,82,135,55.2,0,0,0,1
0.754,82,135,55.2,0,0,0,1
0.812,82,135,55.2,0,0,0,1
0.872,82,135,55.2,0,0,0,1
0.933,82,135,55.2,0,0,0,1
0.992,82,135,55.2,0,0,0,1
1.053,82,135,55.2,0,0,0,1
1.111,82,135,55.3,0,0,0,1
1.173,82,135,55.2,0,0,0,1
1.233,82,135,55.2,0,0,0,1
1.293,82,135,55.2,0,0,0,1
1.355,82,135,55.2,0,0,0,1
1.414,82,135,55.2,0,0,0,1
1.475,82,135,55.3,0,0,0,1
1.536,82,135,55.2,0,0,0,1
1.595,82,135,55.2,0,0,0,1
1.656,82,135,55.3,0,0,0,1
1.717,82,135,55.3,0,0,0,1
1.78,82,135,55.2,0,0,0,1
1.837,82,135,55.3,0,0,0,1
1.898,82,135,55.3,0,0,0,1
1.958,82,135,55.2,0,0,0,1
2.018,82,135,55.2,0,0,0,1
2.079,82,135,55.2,0,0,0,1
2.139,82,135,55.2,0,0,0,1
2.198,82,135,55.2,0,0,0,1
2.259,82,135,55.2,0,0,0,1
2.32,82,135,55.2,0,0,0,1
2.381,82,135,55.2,0,0,0,1
2.44,82,135,55.2,0,0,0,1
2.501,82,135,55.2,0,0,0,1
2.562,82,135,55.2,0,0,0,1
2.621,82,135,55.2,0,0,0,1
2.681,82,135,55.3,0,0,0,1
2.742,82,135,55.3,0,0,0,1
2.803,82,135,55.2,0,0,0,1
2.862,82,135,55.2,0,0,0,1
2.924,82,135,55.3,0,0,0,1
2.985,82,135,55.2,0,0,0,1
3.044,82,135,55.2,0,0,0,1
3.105,82,135,55.2,0,0,0,1
3.165,82,135,55.2,0,0,0,1
3.225,82,135,55.2,0,0,0,1
3.284,82,135,55.2,0,0,0,1
3.346,82,135,55.2,0,0,0,1
3.405,82,135,55.2,0,0,0,1
3.464,82,135,55.2,0,0,0,1
3.527,82,135,55.2,0,0,0,1
3.591,82,135,55.2,0,0,0,1
3.647,82,135,55.2,0,0,0,1
3.707,82,135,55.2,0,0,0,1
3.771,82,135,55.2,0,0,0,1
3.828,82,135,55.2,0,0,0,1
3.888,82,135,55.2,0,0,0,1
3.951,82,135,55.2,0,0,0,1
4.01,82,135,55.2,0,0,0,1
4.07,82,135,55.2,0,0,0,1
4.132,82,135,55.3,0,0,0,1
4.19,82,135,55.2,0,0,0,1
4.25,82,135,55.2,0,0,0,1
4.31,82,135,55.2,0,0,0,1
4.372,82,135,55.3,0,0,0,1
4.433,82,135,55.2,0,0,0,1
4.492,82,135,55.2,0,0,0,1
4.554,82,135,55.2,0,0,0,1
4.612,82,135,55.2,0,0,0,1
4.673,82,135,55.2,0,0,0,1
4.735,82,135,55.2,0,0,0,1
4.794,82,135,55.2,0,0,0,1
4.855,82,135,55.2,0,0,0,1
4.914,82,135,55.2,0,0,0,1
4.974,82,135,55.3,0,0,0,1
5.036,82,135,55.2,0,0,0,1
5.095,82,135,55.2,0,0,0,1
5.16,82,135,55.3,0,0,0,1
5.218,82,135,55.2,0,0,0,1
5.277,82,135,55.2,0,0,0,1
5.338,82,135,55.2,0,0,0,1
5.397,82,135,55.2,0,0,0,1
5.459,82,135,55.2,0,0,0,1
5.518,82,135,55.2,0,0,0,1
5.58,82,135,55.1,0,0,0,1
5.639,82,135,55.2,0,0,0,1
5.697,82,135,55.2,0,0,0,1
5.761,82,135,55.3,0,0,0,1
5.819,82,135,55.2,0,0,0,1
5.881,82,135,55.2,0,0,0,1
5.941,82,135,55.3,0,0,0,1
6.001,82,135,55.3,0,0,0,1
6.062,82,135,55.1,0,0,0,1
6.121,82,135,55.2,0,0,0,1
6.183,82,135,55.3,0,0,0,1
6.243,82,135,55.2,0,0,0,1
6.303,82,135,55.2,0,0,0,1
6.364,82,135,55.2,0,0,0,1
6.423,82,135,55.2,0,0,0,1
6.482,82,135,55.2,0,0,0,1
6.545,82,135,55.2,0,0,0,1
6.605,82,135,55.2,0,0,0,1
6.665,82,135,55.2,0,0,0,1
6.727,82,135,55.2,0,0,0,1
6.787,82,135,55.2,0,0,0,1
6.844,82,135,55.1,0,0,0,1
6.907,82,135,55.2,0,0,0,1
6.967,82,135,55.2,0,0,0,1
7.027,82,135,55.3,0,0,0,1
7.087,82,135,55.2,0,0,0,1
7.148,82,135,55.2,0,0,0,1
7.209,82,135,55.2,0,0,0,1
7.269,82,135,55.2,0,0,0,1
7.33,82,135,55.2,0,0,0,1
7.39,82,135,55.2,0,0,0,1
7.45,82,135,55.2,0,0,0,1
7.51,82,135,55.2,0,0,0,1
7.571,82,135,55.2,0,0,0,1
7.633,82,135,55.3,0,0,0,1
7.69,82,135,55.2,0,0,0,1
7.753,82,135,55.3,0,0,0,1
7.813,82,135,55.3,0,0,0,1
7.874,82,135,55.2,0,0,0,1
7.934,82,135,55.2,0,0,0,1
7.994,82,135,55.3,0,0,0,1
8.054,82,135,55.3,0,0,0,1
8.112,82,135,55.2,0,0,0,1
8.175,82,135,55.2,0,0,0,1
8.235,82,135,55.2,0,0,0,1
8.294,82,135,55.2,0,0,0,1
8.355,82,135,55.2,0,0,0,1
8.414,82,135,55.2,0,0,0,1
8.475,82,135,55.2,0,0,0,1
8.538,82,135,55.2,0,0,0,1
8.597,82,135,55.2,0,0,0,1
8.659,82,135,55.3,0,0,0,1
8.718,82,135,55.3,0,0,0,1
8.78,82,135,55.2,0,0,0,1
8.84,82,135,55.3,0,0,0,1
8.899,82,135,55.3,0,0,0,1
8.959,82,135,55.2,0,0,0,1
9.018,82,135,55.3,0,0,0,1
9.08,82,135,55.2,0,0,0,1
9.141,82,135,55.2,0,0,0,1
9.201,82,135,55.2,0,0,0,1
9.277,82,135,55.2,0,0,0,1
9.333,82,135,55.2,0,0,0,1
9.389,82,135,55.2,0,0,0,1
9.443,82,135,55.2,0,0,0,1
9.501,82,135,55.3,0,0,0,1
9.565,82,135,55.2,0,0,0,1
9.624,82,135,55.2,0,0,0,1
9.686,82,135,55.2,0,0,0,1
9.747,82,135,55.2,0,0,0,1
9.807,82,135,55.2,0,0,0,1
9.867,82,135,55.2,0,0,0,1
9.926,82,135,55.2,0,0,0,1
9.99,82,135,55.2,0,0,0,1
10.049,82,135,55.2,0,0,0,1
10.11,82,135,55.2,0,0,0,1
10.169,82,135,55.2,0,0,0,1
10.229,82,135,55.3,0,0,0,1
10.292,82,135,55.2,0,0,0,1
10.351,82,135,55.2,0,0,0,1
10.412,82,135,55.2,0,0,0,1
10.475,82,135,55.2,0,0,0,1
10.531,82,135,55.3,0,0,0,1
10.594,82,135,55.3,0,0,0,1
10.653,82,135,55.2,0,0,0,1
10.713,82,135,55.2,0,0,0,1
10.775,82,135,55.3,0,0,0,1
10.834,82,135,55.3,0,0,0,1
10.896,82,135,55.2,0,0,0,1
10.955,82,135,55.2,0,0,0,1
11.017,82,135,55.2,0,0,0,1
11.077,82,135,55.2,0,0,0,1
11.135,82,135,55.2,0,0,0,1
11.199,82,135,55.2,0,0,0,1
11.258,82,135,55.3,0,0,0,1
11.319,82,135,55.2,0,0,0,1
11.379,82,135,55.2,0,0,0,1
11.438,82,135,55.2,0,0,0,1
11.5,82,135,55.2,0,0,0,1
11.56,82,135,55.2,0,0,0,1
11.623,82,135,55.3,0,0,0,1
11.681,82,135,55.2,0,0,0,1
11.741,82,135,55.2,0,0,0,1
11.805,82,135,55.3,0,0,0,1
11.873,82,135,55.2,0,0,0,1
11.927,82,135,55.2,0,0,0,1
11.98,82,135,55.2,0,0,0,1
12.042,82,135,55.2,0,0,0,1
12.104,82,135,55.2,0,0,0,1
12.164,82,135,55.2,0,0,0,1
12.226,82,135,55.2,0,0,0,1
12.285,82,135,55.2,0,0,0,1
12.345,82,135,55.2,0,0,0,1
12.406,82,135,55.2,0,0,0,1
12.466,82,135,55.3,0,0,0,1
12.526,82,135,55.2,0,0,0,1
12.587,82,135,55.2,0,0,0,1
12.648,82,135,55.2,0,0,0,1
12.707,82,135,55.3,0,0,0,1
12.768,82,135,55.2,0,0,0,1
12.828,82,135,55.2,0,0,0,1
12.889,82,135,55.2,0,0,0,1
12.951,82,135,55.2,0,0,0,1
13.009,82,135,55.2,0,0,0,1
13.072,82,135,55.2,0,0,0,1
13.133,82,135,55.3,0,0,0,1
13.191,82,135,55.2,0,0,0,1
13.25,82,135,55.2,0,0,0,1
13.311,82,135,55.2,0,0,0,1
13.372,82,135,55.3,0,0,0,1
13.434,82,135,55.2,0,0,0,1
13.492,82,135,55.2,0,0,0,1
13.555,82,135,55.3,0,0,0,1
13.616,82,135,55.2,0,0,0,1
13.677,82,135,55.2,0,0,0,1
13.735,82,135,55.2,0,0,0,1
13.797,82,135,55.2,0,0,0,1
13.857,82,135,55.2,0,0,0,1
13.917,82,135,55.2,0,0,0,1
13.978,82,135,55.2,0,0,0,1
14.039,82,135,55.2,0,0,0,1
14.099,82,135,55.2,0,0,0,1
14.159,82,135,55.2,0,0,0,1
14.22,82,135,55.2,0,0,0,1
14.281,82,135,55.3,0,0,0,1
14.34,82,135,55.3,0,0,0,1
14.401,82,135,55.3,0,0,0,1
14.46,82,135,55.2,0,0,0,1
14.522,82,135,55.2,0,0,0,1
14.583,82,135,55.2,0,0,0,1
14.643,82,135,55.2,0,0,0,1
14.702,82,135,55.2,0,0,0,1
14.763,82,135,55.2,0,0,0,1
14.824,82,135,55.2,0,0,0,1
14.898,82,135,55.2,0,0,0,1
14.951,82,135,55.2,0,0,0,1
15.006,82,135,55.2,0,0,0,1
15.608,82,135,55.2,0,0,0,1
15.686,82,135,55.2,0,0,0,1
15.754,82,135,55.2,0,0,0,1
15.852,82,135,55.3,0,0,0,1
15.913,82,135,55.2,0,0,0,1
15.972,82,135,55.2,0,0,0,1
16.06,82,135,55.3,0,0,0,1
16.17,82,135,55.2,0,0,0,1
16.228,82,135,55.2,0,0,0,1
16.288,82,135,55.2,0,0,0,1
16.342,82,135,55.3,0,0,0,1
16.398,82,135,55.2,0,0,0,1
16.461,82,135,55.2,0,0,0,1
16.526,82,135,55.2,0,0,0,1
16.608,82,135,55.3,0,0,0,1
16.72,82,135,55.2,0,0,0,1
16.819,82,135,55.2,0,0,0,1
16.877,82,135,55.2,0,0,0,1
16.998,82,135,55.2,0,0,0,1
17.058,82,135,55.3,0,0,0,1
17.119,82,135,55.2,0,0,0,1
17.178,82,135,55.2,0,0,0,1
17.252,82,135,55.2,0,0,0,1
17.306,82,135,55.2,0,0,0,1
17.361,82,135,55.2,0,0,0,1
17.42,82,135,55.2,0,0,0,1
17.482,82,135,55.2,0,0,0,1
17.54,82,135,55.2,0,0,0,1
17.6,82,135,55.2,0,0,0,1
17.662,82,135,55.3,0,0,0,1
17.721,82,135,55.2,0,0,0,1
17.781,82,135,55.2,0,0,0,1
17.843,82,135,55.2,0,0,0,1
17.902,82,135,55.2,0,0,0,1
17.963,82,135,55.2,0,0,0,1
18.023,82,135,55.2,0,0,0,1
18.083,82,135,55.2,0,0,0,1
18.143,82,135,55.1,0,0,0,1
18.21,82,135,55.2,0,0,0,1
18.264,82,135,55.2,0,0,0,1
18.325,82,135,55.2,0,0,0,1
18.385,82,135,55.2,0,0,0,1
18.449,82,135,55.2,0,0,0,1
18.51,82,135,55.2,0,0,0,1
18.565,82,135,55.2,0,0,0,1
18.626,82,135,55.2,0,0,0,1
18.685,82,135,55.2,0,0,0,1
18.81,82,135,55.3,0,0,0,1
18.868,82,135,55.2,0,0,0,1
18.927,82,135,55.2,0,0,0,1
18.988,82,135,55.2,0,0,0,1
19.047,82,135,55.2,0,0,0,1
19.109,82,135,55.2,0,0,0,1
19.181,82,135,55.1,0,0,0,1
19.238,82,135,55.3,0,0,0,1
19.293,82,135,55.2,0,0,0,1
19.349,82,135,55.2,0,0,0,1
19.409,82,135,55.3,0,0,0,1
19.476,82,135,55.2,0,0,0,1
19.533,82,135,55.2,0,0,0,1
19.593,82,135,55.2,0,0,0,1
19.651,82,135,55.2,0,0,0,1
19.717,82,135,55.2,0,0,0,1
19.778,82,135,55.2,0,0,0,1
19.833,82,135,55.2,0,0,0,1
19.892,82,135,55.2,0,0,0,1
19.953,82,135,55.2,0,0,0,1
20.018,82,135,55.2,0,0,0,1
20.078,82,135,55.2,0,0,0,1
20.137,82,135,55.2,0,0,0,1
20.199,82,135,55.2,0,0,0,1
20.256,82,135,55.2,0,0,0,1
20.317,82,135,55.2,0,0,0,1
20.375,82,135,55.2,0,0,0,1
20.442,82,135,55.2,0,0,0,1
20.502,82,135,55.3,0,0,0,1
20.555,82,135,55.2,0,0,0,1
20.618,82,135,55.2,0,0,0,1
20.678,82,135,55.2,0,0,0,1
20.739,82,135,55.2,0,0,0,1
20.797,82,135,55.2,0,0,0,1
20.858,82,135,55.2,0,0,0,1
20.919,82,135,55.3,0,0,0,1
20.98,82,135,55.2,0,0,0,1
21.04,82,135,55.2,0,0,0,1
21.102,82,135,55.2,0,0,0,1
21.159,82,135,55.2,0,0,0,1
21.221,82,135,55.2,0,0,0,1
21.289,82,135,55.2,0,0,0,1
21.345,82,135,55.3,0,0,0,1
21.4,82,135,55.2,0,0,0,1
21.461,82,135,55.2,0,0,0,1
21.521,82,135,55.3,0,0,0,1
21.581,82,135,55.2,0,0,0,1
21.643,82,135,55.2,0,0,0,1
21.703,82,135,55.2,0,0,0,1
21.763,82,135,55.2,0,0,0,1
21.824,82,135,55.2,0,0,0,1
21.884,82,135,55.2,0,0,0,1
21.944,82,135,55.3,0,0,0,1
22.003,82,135,55.2,0,0,0,1
22.066,82,135,55.2,0,0,0,1
22.125,82,135,55.2,0,0,0,1
22.184,82,135,55.3,0,0,0,1
22.246,82,135,55.2,0,0,0,1
22.306,82,135,55.2,0,0,0,1
22.368,82,135,55.2,0,0,0,1
22.426,82,135,55.2,0,0,0,1
22.487,82,135,55.2,0,0,0,1
22.55,82,135,55.3,0,0,0,1
22.606,82,135,55.2,0,0,0,1
22.668,82,135,55.3,0,0,0,1
22.728,82,135,55.2,0,0,0,1
22.788,82,135,55.3,0,0,0,1
22.849,82,135,55.2,0,0,0,1
22.914,82,135,55.2,0,0,0,1
22.97,82,135,55.1,0,0,0,1
23.032,82,135,55.2,0,0,0,1
23.091,82,135,55.2,0,0,0,1
23.151,82,135,55.2,0,0,0,1
23.208,82,135,55.2,0,0,0,1
23.272,82,135,55.2,0,0,0,1
23.331,82,135,55.3,0,0,0,1
23.392,82,135,55.2,0,0,0,1
23.452,82,135,55.2,0,0,0,1
23.512,82,135,55.2,0,0,0,1
23.574,82,135,55.2,0,0,0,1
23.636,82,135,55.2,0,0,0,1
23.692,82,135,55.2,0,0,0,1
23.753,82,135,55.2,0,0,0,1
23.814,82,135,55.3,0,0,0,1
23.877,82,135,55.3,0,0,0,1
23.933,82,135,55.2,0,0,0,1
23.994,82,135,55.2,0,0,0,1
24.055,82,135,55.3,0,0,0,1
24.115,82,135,55.2,0,0,0,1
24.175,82,135,55.2,0,0,0,1
24.236,82,135,55.3,0,0,0,1
24.298,82,135,55.2,0,0,0,1
24.355,82,135,55.3,0,0,0,1
24.416,82,135,55.2,0,0,0,1
24.476,82,135,55.2,0,0,0,1
24.537,82,135,55.2,0,0,0,1
24.598,82,135,55.2,0,0,0,1
24.658,82,135,55.2,0,0,0,1
24.718,82,135,55.2,0,0,0,1
24.778,82,135,55.3,0,0,0,1
24.841,82,135,55.2,0,0,0,1
24.9,82,135,55.2,0,0,0,1
24.958,82,135,55.2,0,0,0,1
25.02,82,135,55.2,0,0,0,1
25.08,82,135,55.3,0,0,0,1
25.14,82,135,55.3,0,0,0,1
25.199,82,135,55.1,0,0,0,1
25.26,82,135,55.2,0,0,0,1
25.322,82,135,55.2,0,0,0,1
25.382,82,135,55.2,0,0,0,1
25.444,82,135,55.4,0,0,0,1
25.589,82,135,55.3,0,0,0,1
25.687,82,135,55.2,0,0,0,1
25.745,82,135,55.3,0,0,0,1
25.804,82,135,55.2,0,0,0,1
25.875,82,135,55.2,0,0,0,1
25.929,82,135,55.3,0,0,0,1
25.985,82,135,55.3,0,0,0,1
26.046,82,135,55.3,0,0,0,1
26.107,82,135,55.2,0,0,0,1
26.168,82,135,55.2,0,0,0,1
26.226,82,135,55.2,0,0,0,1
26.287,82,135,55.2,0,0,0,1
26.348,82,135,55.2,0,0,0,1
26.407,82,135,55.2,0,0,0,1
26.469,82,135,55.2,0,0,0,1
26.526,82,135,55.3,0,0,0,1
26.589,82,135,55.2,0,0,0,1
26.65,82,135,55.3,0,0,0,1
26.71,82,135,55.2,0,0,0,1
26.77,82,135,55.3,0,0,0,1
26.829,82,135,55.2,0,0,0,1
26.892,82,135,55.2,0,0,0,1
26.951,82,135,55.3,0,0,0,1
27.026,82,135,55.2,0,0,0,1
27.08,82,135,55.2,0,0,0,1
27.14,82,135,55.2,0,0,0,1
27.194,82,135,55.2,0,0,0,1
27.252,82,135,55.2,0,0,0,1
27.313,82,135,55.2,0,0,0,1
27.373,82,135,55.2,0,0,0,1
27.433,82,135,55.2,0,0,0,1
27.498,82,135,55.2,0,0,0,1
27.553,82,135,55.3,0,0,0,1
27.613,82,135,55.2,0,0,0,1
27.674,82,135,55.3,0,0,0,1
27.732,82,135,55.2,0,0,0,1
27.795,82,135,55.3,0,0,0,1
27.856,82,135,55.2,0,0,0,1
27.916,82,135,55.2,0,0,0,1
27.978,82,135,55.2,0,0,0,1
28.038,82,135,55.3,0,0,0,1
28.099,82,135,55.2,0,0,0,1
28.157,82,135,55.2,0,0,0,1
28.219,82,135,55.1,0,0,0,1
28.278,82,135,55.2,0,0,0,1
28.343,82,135,55.2,0,0,0,1
28.407,82,135,55.3,0,0,0,1
28.463,82,135,55.3,0,0,0,1
28.52,82,135,55.2,0,0,0,1
28.58,82,135,55.3,0,0,0,1
28.641,82,135,55.3,0,0,0,1
28.705,82,135,55.2,0,0,0,1
28.765,82,135,55.3,0,0,0,1
28.82,82,135,55.4,0,0,0,1
28.881,82,135,55.3,0,0,0,1
28.94,82,135,55.2,0,0,0,1
29.001,82,135,55.2,0,0,0,1
29.062,82,135,55.2,0,0,0,1
29.123,82,135,55.3,0,0,0,1
29.182,82,135,55.2,0,0,0,1
29.243,82,135,55.2,0,0,0,1
29.303,82,135,55.2,0,0,0,1
29.363,82,135,55.3,0,0,0,1
29.423,82,135,55.3,0,0,0,1
29.484,82,135,55.2,0,0,0,1
29.545,82,135,55.2,0,0,0,1
29.604,82,135,55.2,0,0,0,1
29.664,82,135,55.2,0,0,0,1
29.727,82,135,55.3,0,0,0,1
29.785,82,135,55.3,0,0,0,1
29.844,82,135,55.2,0,0,0,1
29.907,82,135,55.2,0,0,0,1
29.966,82,135,55.3,0,0,0,1
30.027,82,135,55.2,0,0,0,1
30.086,82,135,55.2,0,0,0,1
30.147,82,135,55.3,0,0,0,1
30.207,82,135,55.3,0,0,0,1
30.268,82,135,55.2,0,0,0,1
30.329,82,135,55.2,0,0,0,1
30.389,82,135,55.2,0,0,0,1
30.449,82,135,55.2,0,0,0,1
30.507,82,135,55.3,0,0,0,1
30.578,82,135,55.2,0,0,0,1
30.634,82,135,55.3,0,0,0,1
30.69,82,135,55.2,0,0,0,1
30.755,82,135,55.3,0,0,0,1
30.81,82,135,55.2,0,0,0,1
30.885,82,135,55.2,0,0,0,1
30.939,82,135,55.3,0,0,0,1
30.992,82,135,55.2,0,0,0,1
31.052,82,135,55.2,0,0,0,1
31.112,82,135,55.3,0,0,0,1
31.173,82,135,55.2,0,0,0,1
31.232,82,135,55.2,0,0,0,1
31.295,82,135,55.3,0,0,0,1
31.351,82,135,55.3,0,0,0,1
31.411,82,135,55.3,0,0,0,1
31.474,82,135,55.2,0,0,0,1
31.533,82,135,55.3,0,0,0,1
31.593,82,135,55.2,0,0,0,1
31.654,82,135,55.2,0,0,0,1
31.717,82,135,55.2,0,0,0,1
31.776,82,135,55.3,0,0,0,1
31.835,82,135,55.3,0,0,0,1
31.896,82,135,55.3,0,0,0,1
31.956,82,135,55.3,0,0,0,1
32.016,82,135,55.3,0,0,0,1
32.077,82,135,55.3,0,0,0,1
32.138,82,135,55.3,0,0,0,1
32.2,82,135,55.3,0,0,0,1
32.257,82,135,55.2,0,0,0,1
32.32,82,135,55.2,0,0,0,1
32.377,82,135,55.3,0,0,0,1
32.454,82,135,55.3,0,0,0,1
32.523,82,135,55.3,0,0,0,1
32.621,82,135,55.3,0,0,0,1
32.679,82,135,55.2,0,0,0,1
32.741,82,135,55.2,0,0,0,1
32.803,82,135,55.3,0,0,0,1
32.86,82,135,55.3,0,0,0,1
32.923,82,135,55.3,0,0,0,1
32.981,82,135,55.3,0,0,0,1
33.043,82,135,55.3,0,0,0,1
33.104,82,135,55.2,0,0,0,1
33.166,82,135,55.3,0,0,0,1
33.223,82,135,55.3,0,0,0,1
33.281,82,135,55.3,0,0,0,1
33.347,82,135,55.2,0,0,0,1
33.406,82,135,55.3,0,0,0,1
33.467,82,135,55.3,0,0,0,1
33.525,82,135,55.3,0,0,0,1
33.586,82,135,55.3,0,0,0,1
33.646,82,135,55.3,0,0,0,1
33.704,82,135,55.3,0,0,0,1
33.766,82,135,55.2,0,0,0,1
33.829,82,135,55.3,0,0,0,1
33.887,82,135,55.3,0,0,0,1
33.949,82,135,55.3,0,0,0,1
34.007,82,135,55.3,0,0,0,1
34.071,82,135,55.3,0,0,0,1
34.126,82,135,55.3,0,0,0,1
34.192,82,135,55.3,0,0,0,1
34.252,82,135,55.3,0,0,0,1
34.308,82,135,55.3,0,0,0,1
34.374,82,135,55.3,0,0,0,1
34.435,82,135,55.3,0,0,0,1
34.488,82,135,55.2,0,0,0,1
34.552,82,135,55.3,0,0,0,1
34.608,82,135,55.2,0,0,0,1
34.673,82,135,55.3,0,0,0,1
34.732,82,135,55.2,0,0,0,1
34.795,82,135,55.3,0,0,0,1
34.855,82,135,55.3,0,0,0,1
34.916,82,135,55.2,0,0,0,1
34.975,82,135,55.3,0,0,0,1
35.031,82,135,55.3,0,0,0,1
35.09,82,135,55.3,0,0,0,1
35.152,82,135,55.3,0,0,0,1
35.217,82,135,55.3,0,0,0,1
35.273,82,135,55.3,0,0,0,1
35.332,82,135,55.3,0,0,0,1
35.392,82,135,55.3,0,0,0,1
35.452,82,135,55.3,0,0,0,1
35.514,82,135,55.2,0,0,0,1
35.575,82,135,55.3,0,0,0,1
35.635,82,135,55.3,0,0,0,1
35.696,82,135,55.3,0,0,0,1
35.757,82,135,55.3,0,0,0,1
35.814,82,135,55.4,0,0,0,1
35.875,82,135,55.3,0,0,0,1
35.938,82,135,55.3,0,0,0,1
35.998,82,135,55.3,0,0,0,1
36.058,82,135,55.3,0,0,0,1
36.116,82,135,55.3,0,0,0,1
36.178,82,135,55.4,0,0,0,1
36.236,82,135,55.3,0,0,0,1
36.299,82,135,55.3,0,0,0,1
36.359,82,135,55.3,0,0,0,1
36.424,82,135,55.3,0,0,0,1
36.48,82,135,55.3,0,0,0,1
36.54,82,135,55.3,0,0,0,1
36.599,82,135,55.3,0,0,0,1
36.658,82,135,55.4,0,0,0,1
36.722,82,135,55.3,0,0,0,1
36.779,82,135,55.3,0,0,0,1
36.849,82,135,55.3,0,0,0,1
36.903,82,135,55.3,0,0,0,1
36.964,82,135,55.3,0,0,0,1
37.023,82,135,55.4,0,0,0,1
37.082,82,135,55.3,0,0,0,1
37.145,82,135,55.4,0,0,0,1
37.202,82,135,55.3,0,0,0,1
37.268,82,135,55.3,0,0,0,1
37.328,82,135,55.2,0,0,0,1
37.383,82,135,55.3,0,0,0,1
37.448,82,135,55.3,0,0,0,1
37.509,82,135,55.3,0,0,0,1
37.569,82,135,55.3,0,0,0,1
37.63,82,135,55.3,0,0,0,1
37.688,82,135,55.4,0,0,0,1
37.746,82,135,55.3,0,0,0,1
37.816,82,135,55.4,0,0,0,1
37.87,82,135,55.3,0,0,0,1
37.929,82,135,55.3,0,0,0,1
37.989,82,135,55.3,0,0,0,1
38.046,82,135,55.3,0,0,0,1
38.114,82,135,55.2,0,0,0,1
38.168,82,135,55.3,0,0,0,1
38.227,82,135,55.3,0,0,0,1
38.286,82,135,55.2,0,0,0,1
38.355,82,135,55.3,0,0,0,1
38.41,82,135,55.3,0,0,0,1
38.469,82,135,55.3,0,0,0,1
38.531,82,135,55.3,0,0,0,1
38.588,82,135,55.4,0,0,0,1
38.651,82,135,55.3,0,0,0,1
38.71,82,135,55.3,0,0,0,1
38.778,82,135,55.3,0,0,0,1
38.832,82,135,55.2,0,0,0,1
38.893,82,135,55.3,0,0,0,1
38.953,82,135,55.3,0,0,0,1
39.013,82,135,55.3,0,0,0,1
39.074,82,135,55.3,0,0,0,1
39.134,82,135,55.3,0,0,0,1
39.201,82,135,55.3,0,0,0,1
39.254,82,135,55.3,0,0,0,1
39.312,82,135,55.3,0,0,0,1
39.385,82,135,55.4,0,0,0,1
39.438,82,135,55.4,0,0,0,1
39.492,82,135,55.3,0,0,0,1
39.554,82,135,55.3,0,0,0,1
39.614,82,135,55.2,0,0,0,1
39.674,82,135,55.3,0,0,0,1
39.743,82,135,55.2,0,0,0,1
39.796,82,135,55.2,0,0,0,1
39.857,82,135,55.3,0,0,0,1
39.918,82,135,55.3,0,0,0,1
39.979,82,135,55.3,0,0,0,1
40.039,82,135,55.3,0,0,0,1
40.097,82,135,55.4,0,0,0,1
40.159,82,135,55.3,0,0,0,1
40.219,82,135,55.3,0,0,0,1
40.28,82,135,55.3,0,0,0,1
40.354,82,135,55.3,0,0,0,1
40.408,82,135,55.3,0,0,0,1
40.464,82,135,55.3,0,0,0,1
40.528,82,135,55.3,0,0,0,1
40.586,82,135,55.3,0,0,0,1
40.64,82,135,55.3,0,0,0,1
40.7,82,135,55.2,0,0,0,1
40.762,82,135,55.4,0,0,0,1
40.82,82,135,55.4,0,0,0,1
40.88,82,135,55.4,0,0,0,1
40.942,82,135,55.2,0,0,0,1
41.002,82,135,55.2,0,0,0,1
41.061,82,135,55.3,0,0,0,1
41.122,82,135,55.2,0,0,0,1
41.185,82,135,55.3,0,0,0,1
41.244,82,135,55.3,0,0,0,1
41.304,82,135,55.3,0,0,0,1
41.365,82,135,55.3,0,0,0,1
41.426,82,135,55.3,0,0,0,1
41.485,82,135,55.3,0,0,0,1
41.546,82,135,55.3,0,0,0,1
41.604,82,135,55.3,0,0,0,1
41.664,82,135,55.3,0,0,0,1
41.728,82,135,55.3,0,0,0,1
41.786,82,135,55.4,0,0,0,1
41.847,82,135,55.3,0,0,0,1
41.908,82,135,55.4,0,0,0,1
41.969,82,135,55.3,0,0,0,1
42.027,82,135,55.3,0,0,0,1
42.088,82,135,55.3,0,0,0,1
42.149,82,135,55.3,0,0,0,1
42.209,82,135,55.3,0,0,0,1
42.279,82,135,55.3,0,0,0,1
42.332,82,135,55.4,0,0,0,1
42.392,82,135,55.4,0,0,0,1
42.453,82,135,55.3,0,0,0,1
42.513,82,135,55.3,0,0,0,1
42.583,82,135,55.3,0,0,0,1
42.639,82,135,55.3,0,0,0,1
42.697,82,135,55.3,0,0,0,1
42.756,82,135,55.4,0,0,0,1
42.81,82,135,55.3,0,0,0,1
42.871,82,135,55.3,0,0,0,1
42.932,82,135,55.3,0,0,0,1
43.002,82,135,55.3,0,0,0,1
43.056,82,135,55.3,0,0,0,1
43.19,82,135,55.3,0,0,0,1
43.244,82,135,55.3,0,0,0,1
43.325,82,135,55.3,0,0,0,1
43.416,82,135,55.4,0,0,0,1
43.494,82,135,55.3,0,0,0,1
43.548,82,135,55.4,0,0,0,1
43.603,82,135,55.3,0,0,0,1
43.658,82,135,55.3,0,0,0,1
43.715,82,135,55.3,0,0,0,1
43.781,82,135,55.3,0,0,0,1
43.84,82,135,55.3,0,0,0,1
43.897,82,135,55.3,0,0,0,1
43.961,82,135,55.3,0,0,0,1
44.019,82,135,55.4,0,0,0,1
44.08,82,135,55.3,0,0,0,1
44.143,82,135,55.3,0,0,0,1
44.203,82,135,55.3,0,0,0,1
44.26,82,135,55.4,0,0,0,1
44.326,82,135,55.3,0,0,0,1
44.384,82,135,55.5,0,0,0,1
44.444,82,135,55.3,0,0,0,1
44.504,82,135,55.3,0,0,0,1
44.566,82,135,55.4,0,0,0,1
44.633,82,135,55.3,0,0,0,1
44.687,82,135,55.4,0,0,0,1
44.742,82,135,55.3,0,0,0,1
44.806,82,135,55.4,0,0,0,1
44.864,82,135,55.3,0,0,0,1
44.922,82,135,55.3,0,0,0,1
44.985,82,135,55.4,0,0,0,1
45.045,82,135,55.4,0,0,0,1
45.104,82,135,55.3,0,0,0,1
45.163,82,135,55.4,0,0,0,1
45.224,82,135,55.3,0,0,0,1
45.285,82,135,55.3,0,0,0,1
45.343,82,135,55.4,0,0,0,1
45.41,82,135,55.4,0,0,0,1
45.466,82,135,55.4,0,0,0,1
45.524,82,135,55.4,0,0,0,1
45.586,82,135,55.4,0,0,0,1
45.645,82,135,55.3,0,0,0,1
45.705,82,135,55.4,0,0,0,1
45.769,82,135,55.4,0,0,0,1
45.826,82,135,55.3,0,0,0,1
45.886,82,135,55.4,0,0,0,1
45.95,82,135,55.3,0,0,0,1
46.008,82,135,55.4,0,0,0,1
46.068,82,135,55.3,0,0,0,1
46.128,82,135,55.4,0,0,0,1
46.19,82,135,55.4,0,0,0,1
46.25,82,135,55.3,0,0,0,1
46.31,82,135,55.3,0,0,0,1
46.371,82,135,55.3,0,0,0,1
46.431,82,135,55.3,0,0,0,1
46.491,82,135,55.4,0,0,0,1
46.552,82,135,55.3,0,0,0,1
46.611,82,135,55.3,0,0,0,1
46.672,82,135,55.3,0,0,0,1
46.732,82,135,55.3,0,0,0,1
46.791,82,135,55.3,0,0,0,1
46.854,82,135,55.4,0,0,0,1
46.911,82,135,55.4,0,0,0,1
46.976,82,135,55.4,0,0,0,1
47.033,82,135,55.3,0,0,0,1
47.096,82,135,55.3,0,0,0,1
47.156,82,135,55.4,0,0,0,1
47.215,82,135,55.4,0,0,0,1
47.286,82,135,55.4,0,0,0,1
47.341,82,135,55.4,0,0,0,1
47.401,82,135,55.4,0,0,0,1
47.461,82,135,55.4,0,0,0,1
47.518,82,135,55.4,0,0,0,1
47.577,82,135,55.3,0,0,0,1
47.637,82,135,55.4,0,0,0,1
47.702,82,135,55.4,0,0,0,1
47.756,82,135,55.4,0,0,0,1
47.819,82,135,55.3,0,0,0,1
47.881,82,135,55.3,0,0,0,1
47.944,82,135,55.4,0,0,0,1
47.998,82,135,55.4,0,0,0,1
48.058,82,135,55.4,0,0,0,1
48.118,82,135,55.5,0,0,0,1
48.18,82,135,55.3,0,0,0,1
48.24,82,135,55.4,0,0,0,1
48.3,82,135,55.3,0,0,0,1
48.36,82,135,55.4,0,0,0,1
48.422,82,135,55.4,0,0,0,1
48.483,82,135,55.4,0,0,0,1
48.542,82,135,55.4,0,0,0,1
48.603,82,135,55.4,0,0,0,1
48.663,82,135,55.4,0,0,0,1
48.721,82,135,55.4,0,0,0,1
48.785,82,135,55.4,0,0,0,1
48.843,82,135,55.3,0,0,0,1
48.905,82,135,55.4,0,0,0,1
48.966,82,135,55.4,0,0,0,1
49.024,82,135,55.4,0,0,0,1
49.095,82,135,55.4,0,0,0,1
49.148,82,135,55.4,0,0,0,1
49.206,82,135,55.4,0,0,0,1
49.266,82,135,55.4,0,0,0,1
49.329,82,135,55.4,0,0,0,1
49.391,82,135,55.3,0,0,0,1
49.452,82,135,55.4,0,0,0,1
49.509,82,135,55.4,0,0,0,1
49.567,82,135,55.5,0,0,0,1
49.627,82,135,55.3,0,0,0,1
49.689,82,135,55.4,0,0,0,1
49.748,82,135,55.3,0,0,0,1
49.811,82,135,55.4,0,0,0,1
49.868,82,135,55.4,0,0,0,1
49.938,82,135,55.4,0,0,0,1
49.991,82,135,55.4,0,0,0,1
50.047,82,135,55.4,0,0,0,1
50.119,82,135,55.4,0,0,0,1
50.23,82,135,55.3,0,0,0,1
50.293,82,135,55.4,0,0,0,1
50.354,82,135,55.4,0,0,0,1
50.413,82,135,55.4,0,0,0,1
50.477,82,135,55.3,0,0,0,1
50.532,82,135,55.4,0,0,0,1
50.592,82,135,55.3,0,0,0,1
50.653,82,135,55.3,0,0,0,1
50.713,82,135,55.4,0,0,0,1
50.773,82,135,55.3,0,0,0,1
50.834,82,135,55.4,0,0,0,1
50.894,82,135,55.3,0,0,0,1
50.954,82,135,55.3,0,0,0,1
51.014,82,135,55.4,0,0,0,1
51.077,82,135,55.4,0,0,0,1
51.149,82,135,55.4,0,0,0,1
51.202,82,135,55.3,0,0,0,1
51.256,82,135,55.3,0,0,0,1
51.322,82,135,55.3,0,0,0,1
51.377,82,135,55.4,0,0,0,1
51.445,82,135,55.4,0,0,0,1
51.499,82,135,55.3,0,0,0,1
51.556,82,135,55.4,0,0,0,1
51.618,82,135,55.4,0,0,0,1
51.679,82,135,55.4,0,0,0,1
51.737,82,135,55.4,0,0,0,1
51.799,82,135,55.4,0,0,0,1
51.869,82,135,55.4,0,0,0,1
51.923,82,135,55.5,0,0,0,1
51.981,82,135,55.4,0,0,0,1
52.041,82,135,55.4,0,0,0,1
52.105,82,135,55.4,0,0,0,1
52.161,82,135,55.3,0,0,0,1
52.228,82,135,55.3,0,0,0,1
52.283,82,135,55.4,0,0,0,1
52.34,82,135,55.4,0,0,0,1
52.403,82,135,55.3,0,0,0,1
52.463,82,135,55.3,0,0,0,1
52.522,82,135,55.3,0,0,0,1
52.584,82,135,55.4,0,0,0,1
52.643,82,135,55.5,0,0,0,1
52.704,82,135,55.4,0,0,0,1
52.764,82,135,55.4,0,0,0,1
52.827,82,135,55.5,0,0,0,1
52.886,82,135,55.5,0,0,0,1
52.945,82,135,55.5,0,0,0,1
53.006,82,135,55.4,0,0,0,1
53.064,82,135,55.4,0,0,0,1
53.127,82,135,55.4,0,0,0,1
53.192,82,135,55.4,0,0,0,1
53.248,82,135,55.4,0,0,0,1
53.309,82,135,55.4,0,0,0,1
53.366,82,135,55.5,0,0,0,1
53.428,82,135,55.4,0,0,0,1
53.489,82,135,55.4,0,0,0,1
53.548,82,135,55.3,0,0,0,1
53.609,82,135,55.4,0,0,0,1
53.667,82,135,55.5,0,0,0,1
53.729,82,135,55.3,0,0,0,1
53.79,82,135,55.4,0,0,0,1
53.85,82,135,55.4,0,0,0,1
53.911,82,135,55.5,0,0,0,1
53.97,82,135,55.4,0,0,0,1
54.04,82,135,55.4,0,0,0,1
54.114,82,135,55.4,0,0,0,1
54.174,82,135,55.4,0,0,0,1
54.227,82,135,55.4,0,0,0,1
54.281,82,135,55.4,0,0,0,1
54.336,82,135,55.4,0,0,0,1
54.394,82,135,55.4,0,0,0,1
54.451,82,135,55.5,0,0,0,1
54.513,82,135,55.3,0,0,0,1
54.572,82,135,55.4,0,0,0,1
54.635,82,135,55.5,0,0,0,1
54.694,82,135,55.3,0,0,0,1
54.753,82,135,55.4,0,0,0,1
54.816,82,135,55.5,0,0,0,1
54.874,82,135,55.4,0,0,0,1
54.935,82,135,55.4,0,0,0,1
54.996,82,135,55.4,0,0,0,1
55.054,82,135,55.4,0,0,0,1
55.117,82,135,55.4,0,0,0,1
55.185,82,135,55.4,0,0,0,1
55.243,82,135,55.5,0,0,0,1
55.303,82,135,55.4,0,0,0,1
55.36,82,135,55.4,0,0,0,1
55.421,82,135,55.5,0,0,0,1
55.478,82,135,55.4,0,0,0,1
55.539,82,135,55.4,0,0,0,1
55.597,82,135,55.5,0,0,0,1
55.658,82,135,55.4,0,0,0,1
55.718,82,135,55.5,0,0,0,1
55.778,82,135,55.5,0,0,0,1
55.84,82,135,55.5,0,0,0,1
55.899,82,135,55.5,0,0,0,1
55.961,82,135,55.3,0,0,0,1
56.022,82,135,55.6,0,0,0,1
56.079,82,135,55.4,0,0,0,1
56.152,82,135,55.5,0,0,0,1
56.205,82,135,55.4,0,0,0,1
56.263,82,135,55.5,0,0,0,1
56.324,82,135,55.5,0,0,0,1
56.381,82,135,55.4,0,0,0,1
56.443,82,135,55.5,0,0,0,1
56.504,82,135,55.5,0,0,0,1
56.564,82,135,55.4,0,0,0,1
56.624,82,135,55.5,0,0,0,1
56.684,82,135,55.4,0,0,0,1
56.743,82,135,55.4,0,0,0,1
56.813,82,135,55.5,0,0,0,1
56.867,82,135,55.4,0,0,0,1
56.925,82,135,55.4,0,0,0,1
56.986,82,135,55.4,0,0,0,1
57.046,82,135,55.6,0,0,0,1
57.106,82,135,55.4,0,0,0,1
57.166,82,135,55.5,0,0,0,1
57.227,82,135,55.5,0,0,0,1
57.289,82,135,55.5,0,0,0,1
57.348,82,135,55.5,0,0,0,1
57.409,82,135,55.5,0,0,0,1
57.47,82,135,55.5,0,0,0,1
57.53,82,135,55.5,0,0,0,1
57.589,82,135,55.5,0,0,0,1
57.649,82,135,55.4,0,0,0,1
57.712,82,135,55.5,0,0,0,1
57.771,82,135,55.5,0,0,0,1
57.831,82,135,55.5,0,0,0,1
57.892,82,135,55.4,0,0,0,1
57.952,82,135,55.5,0,0,0,1
58.017,82,135,55.5,0,0,0,1
58.073,82,135,55.5,0,0,0,1
58.135,82,135,55.3,0,0,0,1
58.194,82,135,55.5,0,0,0,1
58.255,82,135,55.6,0,0,0,1
58.313,82,135,55.4,0,0,0,1
58.373,82,135,55.4,0,0,0,1
58.434,82,135,55.5,0,0,0,1
58.494,82,135,55.5,0,0,0,1
58.555,82,135,55.4,0,0,0,1
58.617,82,135,55.5,0,0,0,1
58.676,82,135,55.5,0,0,0,1
58.737,82,135,55.4,0,0,0,1
58.795,82,135,55.5,0,0,0,1
58.857,82,135,55.4,0,0,0,1
58.918,82,135,55.5,0,0,0,1
58.977,82,135,55.4,0,0,0,1
59.041,82,135,55.4,0,0,0,1
59.096,82,135,55.5,0,0,0,1
59.157,82,135,55.5,0,0,0,1
59.218,82,135,55.6,0,0,0,1
59.277,82,135,55.6,0,0,0,1
59.342,82,135,55.4,0,0,0,1
59.398,82,135,55.5,0,0,0,1
59.46,82,135,55.6,0,0,0,1
59.519,82,135,55.4,0,0,0,1
59.581,82,135,55.5,0,0,0,1
59.643,82,135,55.5,0,0,0,1
59.701,82,135,55.4,0,0,0,1
59.76,82,135,55.5,0,0,0,1
59.824,82,135,55.5,0,0,0,1
59.882,82,135,55.5,0,0,0,1
59.946,82,135,55.5,0,0,0,1
60.002,82,135,55.5,0,0,0,1
60.066,82,135,55.5,0,0,0,1
60.122,82,135,55.4,0,0,0,1
60.184,82,135,55.5,0,0,0,1
60.246,82,135,55.5,0,0,0,1
60.304,82,135,55.4,0,0,0,1
60.365,82,135,55.5,0,0,0,1
60.425,82,135,55.5,0,0,0,1
60.485,82,135,55.5,0,0,0,1
60.548,82,135,55.5,0,0,0,1
60.605,82,135,55.4,0,0,0,1
60.669,82,135,55.5,0,0,0,1
60.726,82,135,55.5,0,0,0,1
60.792,82,135,55.5,0,0,0,1
60.85,82,135,55.5,0,0,0,1
60.91,82,135,55.5,0,0,0,1
60.969,82,135,55.4,0,0,0,1
61.03,82,135,55.5,0,0,0,1
61.088,82,135,55.5,0,0,0,1
61.148,82,135,55.4,0,0,0,1
61.207,82,135,55.4,0,0,0,1
61.271,82,135,55.5,0,0,0,1
61.332,82,135,55.5,0,0,0,1
61.389,82,135,55.5,0,0,0,1
61.45,82,135,55.5,0,0,0,1
61.511,82,135,55.6,0,0,0,1
61.572,82,135,55.5,0,0,0,1
61.63,82,135,55.5,0,0,0,1
61.691,82,135,55.4,0,0,0,1
61.751,82,135,55.4,0,0,0,1
61.811,82,135,55.5,0,0,0,1
61.873,82,135,55.5,0,0,0,1
61.932,82,135,55.5,0,0,0,1
62.002,82,135,55.5,0,0,0,1
62.124,82,135,55.4,0,0,0,1
62.183,82,135,55.5,0,0,0,1
62.242,82,135,55.5,0,0,0,1
62.295,82,135,55.5,0,0,0,1
62.356,82,135,55.4,0,0,0,1
62.415,82,135,55.5,0,0,0,1
62.477,82,135,55.5,0,0,0,1
62.536,82,135,55.4,0,0,0,1
62.595,82,135,55.5,0,0,0,1
62.66,82,135,55.5,0,0,0,1
62.718,82,135,55.5,0,0,0,1
62.777,82,135,55.5,0,0,0,1
62.838,82,135,55.5,0,0,0,1
62.897,82,135,55.6,0,0,0,1
62.959,82,135,55.6,0,0,0,1
63.021,82,135,55.5,0,0,0,1
63.084,82,135,55.5,0,0,0,1
63.14,82,135,55.5,0,0,0,1
63.199,82,135,55.5,0,0,0,1
63.264,82,135,55.5,0,0,0,1
63.32,82,135,55.6,0,0,0,1
63.381,82,135,55.4,0,0,0,1
63.441,82,135,55.5,0,0,0,1
63.513,82,135,55.5,0,0,0,1
63.567,82,135,55.5,0,0,0,1
63.683,82,135,55.5,0,0,0,1
63.744,82,135,55.5,0,0,0,1
63.803,82,135,55.5,0,0,0,1
63.865,82,135,55.5,0,0,0,1
63.928,82,135,55.5,0,0,0,1
63.989,82,135,55.4,0,0,0,1
64.047,82,135,55.5,0,0,0,1
64.107,82,135,55.5,0,0,0,1
64.166,82,135,55.5,0,0,0,1
64.224,82,135,55.5,0,0,0,1
64.288,82,135,55.5,0,0,0,1
64.346,82,135,55.5,0,0,0,1
64.406,82,135,55.5,0,0,0,1
64.471,82,135,55.5,0,0,0,1
64.525,82,135,55.6,0,0,0,1
64.59,82,135,55.5,0,0,0,1
64.647,82,135,55.5,0,0,0,1
64.707,82,135,55.5,0,0,0,1
64.769,82,135,55.6,0,0,0,1
64.828,82,135,55.5,0,0,0,1
64.895,82,135,55.5,0,0,0,1
64.949,82,135,55.5,0,0,0,1
65.01,82,135,55.5,0,0,0,1
65.076,82,135,55.5,0,0,0,1
65.135,82,135,55.5,0,0,0,1
65.195,82,135,55.5,0,0,0,1
65.254,82,135,55.5,0,0,0,1
65.311,82,135,55.5,0,0,0,1
65.376,82,135,55.5,0,0,0,1
65.435,82,135,55.5,0,0,0,1
65.499,82,135,55.5,0,0,0,1
65.557,82,135,55.6,0,0,0,1
65.613,82,135,55.5,0,0,0,1
65.675,82,135,55.6,0,0,0,1
65.731,82,135,55.6,0,0,0,1
65.795,82,135,55.5,0,0,0,1
65.852,82,135,55.5,0,0,0,1
65.912,82,135,55.5,0,0,0,1
65.974,82,135,55.5,0,0,0,1
66.04,82,135,55.5,0,0,0,1
66.099,82,135,55.6,0,0,0,1
66.154,82,135,55.5,0,0,0,1
66.22,82,135,55.5,0,0,0,1
66.283,82,135,55.5,0,0,0,1
66.34,82,135,55.5,0,0,0,1
66.401,82,135,55.5,0,0,0,1
66.463,82,135,55.5,0,0,0,1
66.519,82,135,55.5,0,0,0,1
66.577,82,135,55.5,0,0,0,1
66.636,82,135,55.5,0,0,0,1
66.698,82,135,55.5,0,0,0,1
66.757,82,135,55.5,0,0,0,1
66.818,82,135,55.5,0,0,0,1
66.879,82,135,55.5,0,0,0,1
66.938,82,135,55.6,0,0,0,1
67.006,82,135,55.6,0,0,0,1
67.062,82,135,55.5,0,0,0,1
67.12,82,135,55.6,0,0,0,1
67.183,82,135,55.5,0,0,0,1
67.245,82,135,55.5,0,0,0,1
67.319,82,135,55.5,0,0,0,1
67.372,82,135,55.6,0,0,0,1
67.432,82,135,55.5,0,0,0,1
67.486,82,135,55.5,0,0,0,1
67.605,82,135,55.5,0,0,0,1
67.663,82,135,55.5,0,0,0,1
67.722,82,135,55.6,0,0,0,1
67.785,82,135,55.5,0,0,0,1
67.845,82,135,55.5,0,0,0,1
67.904,82,135,55.5,0,0,0,1
67.964,82,135,55.6,0,0,0,1
68.025,82,135,55.5,0,0,0,1
68.086,82,135,55.5,0,0,0,1
68.145,82,135,55.6,0,0,0,1
68.204,82,135,55.5,0,0,0,1
68.265,82,135,55.6,0,0,0,1
68.326,82,135,55.5,0,0,0,1
68.386,82,135,55.5,0,0,0,1
68.447,82,135,55.5,0,0,0,1
68.508,82,135,55.5,0,0,0,1
68.568,82,135,55.5,0,0,0,1
68.627,82,135,55.5,0,0,0,1
68.688,82,135,55.5,0,0,0,1
68.748,82,135,55.5,0,0,0,1
68.808,82,135,55.6,0,0,0,1
68.87,82,135,55.5,0,0,0,1
68.928,82,135,55.5,0,0,0,1
68.989,82,135,55.5,0,0,0,1
69.052,82,135,55.5,0,0,0,1
69.112,82,135,55.5,0,0,0,1
69.172,82,135,55.6,0,0,0,1
69.23,82,135,55.5,0,0,0,1
69.292,82,135,55.5,0,0,0,1
69.351,82,135,55.6,0,0,0,1
69.411,82,135,55.5,0,0,0,1
69.473,82,135,55.5,0,0,0,1
69.532,82,135,55.5,0,0,0,1
69.593,82,135,55.5,0,0,0,1
69.653,82,135,55.5,0,0,0,1
69.714,82,135,55.5,0,0,0,1
69.774,82,135,55.6,0,0,0,1
69.835,82,135,55.6,0,0,0,1
69.898,82,135,55.5,0,0,0,1
69.954,82,135,55.5,0,0,0,1
70.014,82,135,55.5,0,0,0,1
70.078,82,135,55.5,0,0,0,1
70.136,82,135,55.5,0,0,0,1
70.199,82,135,55.5,0,0,0,1
70.257,82,135,55.5,0,0,0,1
70.319,82,135,55.6,0,0,0,1
70.38,82,135,55.6,0,0,0,1
70.439,82,135,55.6,0,0,0,1
70.503,82,135,55.5,0,0,0,1
70.559,82,135,55.6,0,0,0,1
70.62,82,135,55.5,0,0,0,1
70.679,82,135,55.5,0,0,0,1
70.738,82,135,55.6,0,0,0,1
70.802,82,135,55.5,0,0,0,1
70.861,82,135,55.6,0,0,0,1
70.926,82,135,55.5,0,0,0,1
70.981,82,135,55.5,0,0,0,1
71.041,82,135,55.6,0,0,0,1
71.106,82,135,55.5,0,0,0,1
71.163,82,135,55.7,0,0,0,1
71.224,82,135,55.5,0,0,0,1
71.282,82,135,55.5,0,0,0,1
71.343,82,135,55.5,0,0,0,1
71.407,82,135,55.7,0,0,0,1
71.464,82,135,55.6,0,0,0,1
71.524,82,135,55.6,0,0,0,1
71.583,82,135,55.5,0,0,0,1
71.645,82,135,55.6,0,0,0,1
71.713,82,135,55.5,0,0,0,1
71.772,82,135,55.6,0,0,0,1
71.834,82,135,55.6,0,0,0,1
71.888,82,135,55.5,0,0,0,1
71.946,82,135,55.5,0,0,0,1
72.006,82,135,55.5,0,0,0,1
72.07,82,135,55.6,0,0,0,1
72.129,82,135,55.6,0,0,0,1
72.191,82,135,55.5,0,0,0,1
72.247,82,135,55.5,0,0,0,1
72.311,82,135,55.5,0,0,0,1
72.376,82,135,55.5,0,0,0,1
72.434,82,135,55.5,0,0,0,1
72.488,82,135,55.5,0,0,0,1
72.552,82,135,55.6,0,0,0,1
72.612,82,135,55.6,0,0,0,1
72.668,82,135,55.6,0,0,0,1
72.733,82,135,55.5,0,0,0,1
72.793,82,135,55.6,0,0,0,1
72.854,82,135,55.5,0,0,0,1
72.918,82,135,55.5,0,0,0,1
72.975,82,135,55.6,0,0,0,1
73.035,82,135,55.5,0,0,0,1
73.092,82,135,55.5,0,0,0,1
73.155,82,135,55.6,0,0,0,1
73.212,82,135,55.7,0,0,0,1
73.276,82,135,55.5,0,0,0,1
73.34,82,135,55.6,0,0,0,1
73.399,82,135,55.5,0,0,0,1
73.453,82,135,55.7,0,0,0,1
73.516,82,135,55.6,0,0,0,1
73.576,82,135,55.5,0,0,0,1
73.637,82,135,55.5,0,0,0,1
73.7,82,135,55.5,0,0,0,1
73.757,82,135,55.6,0,0,0,1
73.817,82,135,55.6,0,0,0,1
73.881,82,135,55.6,0,0,0,1
73.94,82,135,55.5,0,0,0,1
73.998,82,135,55.5,0,0,0,1
74.061,82,135,55.5,0,0,0,1
74.124,82,135,55.6,0,0,0,1
74.178,82,135,55.6,0,0,0,1
74.243,82,135,55.5,0,0,0,1
74.303,82,135,55.5,0,0,0,1
74.364,82,135,55.7,0,0,0,1
74.419,82,135,55.5,0,0,0,1
74.485,82,135,55.5,0,0,0,1
74.543,82,135,55.5,0,0,0,1
74.604,82,135,55.6,0,0,0,1
74.664,82,135,55.5,0,0,0,1
74.727,82,135,55.6,0,0,0,1
74.784,82,135,55.6,0,0,0,1
74.846,82,135,55.6,0,0,0,1
74.905,82,135,55.5,0,0,0,1
74.962,82,135,55.6,0,0,0,1
75.024,82,135,55.6,0,0,0,1
75.085,82,135,55.7,0,0,0,1
75.146,82,135,55.5,0,0,0,1
75.207,82,135,55.6,0,0,0,1
75.269,82,135,55.5,0,0,0,1
75.329,82,135,55.5,0,0,0,1
75.386,82,135,55.6,0,0,0,1
75.447,82,135,55.6,0,0,0,1
75.511,82,135,55.6,0,0,0,1
75.567,82,135,55.6,0,0,0,1
75.629,82,135,55.6,0,0,0,1
75.703,82,135,55.6,0,0,0,1
75.756,82,135,55.7,0,0,0,1
75.815,82,135,55.6,0,0,0,1
75.871,82,135,55.5,0,0,0,1
75.936,82,135,55.5,0,0,0,1
75.993,82,135,55.6,0,0,0,1
76.051,82,135,55.6,0,0,0,1
76.112,82,135,55.6,0,0,0,1
76.174,82,135,55.6,0,0,0,1
76.233,82,135,55.6,0,0,0,1
76.292,82,135,55.6,0,0,0,1
76.36,82,135,55.7,0,0,0,1
76.416,82,135,55.6,0,0,0,1
76.471,82,135,55.6,0,0,0,1
76.536,82,135,55.6,0,0,0,1
76.595,82,135,55.6,0,0,0,1
76.655,82,135,55.6,0,0,0,1
76.716,82,135,55.7,0,0,0,1
76.779,82,135,55.6,0,0,0,1
76.839,82,135,55.6,0,0,0,1
76.897,82,135,55.6,0,0,0,1
76.959,82,135,55.6,0,0,0,1
77.019,82,135,55.6,0,0,0,1
77.08,82,135,55.6,0,0,0,1
77.141,82,135,55.6,0,0,0,1
77.2,82,135,55.7,0,0,0,1
77.261,82,135,55.6,0,0,0,1
77.321,82,135,55.7,0,0,0,1
77.381,82,135,55.5,0,0,0,1
77.44,82,135,55.6,0,0,0,1
77.502,82,135,55.6,0,0,0,1
77.564,82,135,55.6,0,0,0,1
77.623,82,135,55.7,0,0,0,1
77.683,82,135,55.5,0,0,0,1
77.756,82,135,55.6,0,0,0,1
77.81,82,135,55.6,0,0,0,1
77.867,82,135,55.6,0,0,0,1
77.929,82,135,55.6,0,0,0,1
77.987,82,135,55.5,0,0,0,1
78.046,82,135,55.6,0,0,0,1
78.121,82,135,55.7,0,0,0,1
78.176,82,135,55.5,0,0,0,1
78.232,82,135,55.6,0,0,0,1
78.292,82,135,55.6,0,0,0,1
78.347,82,135,55.6,0,0,0,1
78.425,82,135,55.6,0,0,0,1
78.479,82,135,55.8,0,0,0,1
78.533,82,135,55.6,0,0,0,1
78.596,82,135,55.6,0,0,0,1
78.652,82,135,55.6,0,0,0,1
78.71,82,135,55.7,0,0,0,1
78.774,82,135,55.7,0,0,0,1
78.834,82,135,55.6,0,0,0,1
78.892,82,135,55.6,0,0,0,1
78.955,82,135,55.6,0,0,0,1
79.012,82,135,55.6,0,0,0,1
79.072,82,135,55.6,0,0,0,1
79.134,82,135,55.8,0,0,0,1
79.198,82,135,55.7,0,0,0,1
79.257,82,135,55.6,0,0,0,1
79.314,82,135,55.6,0,0,0,1
79.391,82,135,55.6,0,0,0,1
79.445,82,135,55.6,0,0,0,1
79.498,82,135,55.7,0,0,0,1
79.558,82,135,55.6,0,0,0,1
79.62,82,135,55.7,0,0,0,1
79.677,82,135,55.6,0,0,0,1
79.744,82,135,55.6,0,0,0,1
79.801,82,135,55.6,0,0,0,1
79.863,82,135,55.7,0,0,0,1
79.985,82,135,55.7,0,0,0,1
80.04,82,135,55.7,0,0,0,1
80.102,82,135,55.6,0,0,0,1
80.163,82,135,55.8,0,0,0,1
80.223,82,135,55.7,0,0,0,1
80.283,82,135,55.6,0,0,0,1
80.345,82,135,55.6,0,0,0,1
80.403,82,135,55.7,0,0,0,1
80.464,82,135,55.6,0,0,0,1
80.534,82,135,55.6,0,0,0,1
80.587,82,135,55.7,0,0,0,1
80.648,82,135,55.6,0,0,0,1
80.705,82,135,55.6,0,0,0,1
80.769,82,135,55.8,0,0,0,1
80.83,82,135,55.7,0,0,0,1
80.891,82,135,55.6,0,0,0,1
80.95,82,135,55.7,0,0,0,1
81.008,82,135,55.6,0,0,0,1
81.069,82,135,55.7,0,0,0,1
81.131,82,135,55.6,0,0,0,1
81.19,82,135,55.6,0,0,0,1
81.253,82,135,55.6,0,0,0,1
81.313,82,135,55.6,0,0,0,1
81.371,82,135,55.6,0,0,0,1
81.431,82,135,55.7,0,0,0,1
81.494,82,135,55.7,0,0,0,1
81.552,82,135,55.8,0,0,0,1
81.611,82,135,55.8,0,0,0,1
81.677,82,135,55.8,0,0,0,1
81.735,82,135,55.7,0,0,0,1
81.795,82,135,55.7,0,0,0,1
81.853,82,135,55.7,0,0,0,1
81.915,82,135,55.8,0,0,0,1
81.977,82,135,55.7,0,0,0,1
82.035,83,135,55.8,0,0,0,1
82.1,82,135,55.6,0,0,0,1
82.158,82,135,55.7,0,0,0,1
82.217,82,135,55.7,0,0,0,1
82.281,82,135,55.8,0,0,0,1
82.342,82,135,55.8,0,0,0,1
82.402,82,135,55.6,0,0,0,1
82.46,82,135,55.8,0,0,0,1
82.518,82,135,55.8,0,0,0,1
82.583,82,135,55.7,0,0,0,1
82.641,82,135,55.7,0,0,0,1
82.705,82,135,55.8,0,0,0,1
82.765,82,135,55.7,0,0,0,1
82.827,82,135,55.8,0,0,0,1
82.883,82,135,55.7,0,0,0,1
82.944,82,135,55.7,0,0,0,1
83.007,82,135,55.7,0,0,0,1
83.062,82,135,55.7,0,0,0,1
83.124,82,135,55.6,0,0,0,1
83.188,82,135,55.7,0,0,0,1
83.248,82,135,55.7,0,0,0,1
83.306,82,135,55.8,0,0,0,1
83.366,82,135,55.6,0,0,0,1
83.426,82,135,55.7,0,0,0,1
83.495,82,135,55.7,0,0,0,1
83.549,82,135,55.7,0,0,0,1
83.609,82,135,55.7,0,0,0,1
83.672,82,135,55.7,0,0,0,1
83.729,82,135,55.8,0,0,0,1
83.789,82,135,55.7,0,0,0,1
83.863,82,135,55.7,0,0,0,1
83.918,82,135,55.7,0,0,0,1
83.971,82,135,55.8,0,0,0,1
84.03,83,135,55.7,0,0,0,1
84.092,82,135,55.8,0,0,0,1
84.151,82,135,55.7,0,0,0,1
84.217,82,135,55.8,0,0,0,1
84.273,82,135,55.7,0,0,0,1
84.331,82,135,55.8,0,0,0,1
84.391,82,135,55.7,0,0,0,1
84.449,82,135,55.6,0,0,0,1
84.514,82,135,55.8,0,0,0,1
84.575,82,135,55.7,0,0,0,1
84.638,82,135,55.8,0,0,0,1
84.696,82,135,55.8,0,0,0,1
84.755,82,135,55.8,0,0,0,1
84.816,82,135,55.8,0,0,0,1
84.873,82,135,55.7,0,0,0,1
84.934,82,135,55.7,0,0,0,1
85.001,82,135,55.8,0,0,0,1
85.056,82,135,55.7,0,0,0,1
85.114,82,135,55.7,0,0,0,1
85.177,82,135,55.7,0,0,0,1
85.235,82,135,55.7,0,0,0,1
85.293,82,135,55.7,0,0,0,1
85.359,82,135,55.8,0,0,0,1
85.417,82,135,55.8,0,0,0,1
85.477,82,135,55.8,0,0,0,1
85.537,82,135,55.8,0,0,0,1
85.601,82,135,55.7,0,0,0,1
85.672,82,135,55.7,0,0,0,1
85.727,82,135,55.8,0,0,0,1
85.783,83,135,55.8,0,0,0,1
85.837,82,135,55.8,0,1,0,32
85.899,82,135,55.8,0,1,0,32
85.96,83,135,55.8,0,1,0,32
86.018,82,135,55.7,0,1,0,32
86.08,82,135,55.7,0,1,0,32
86.14,83,135,55.8,0,1,0,32
86.203,82,135,55.7,0,1,0,32
86.263,83,135,55.7,0,1,0,32
86.327,83,135,55.7,0,1,0,32
86.381,83,135,55.8,0,1,0,32
86.439,83,135,55.8,0,1,0,32
86.503,82,135,55.8,0,1,0,32
86.561,83,135,55.8,0,1,0,32
86.627,83,135,55.7,0,1,0,32
86.689,83,135,55.7,0,1,0,32
86.742,83,135,55.8,0,1,0,32
86.806,82,135,55.7,0,1,0,32
86.864,83,135,55.7,0,1,0,32
86.924,83,135,55.8,0,1,0,32
86.986,82,135,55.8,0,1,0,32
87.044,83,135,55.7,0,1,0,32
87.108,82,135,55.8,0,1,0,32
87.17,82,135,55.8,0,1,0,32
87.225,83,135,55.7,0,1,0,32
87.288,83,135,55.8,0,1,0,32
87.344,82,135,55.8,0,1,0,32
87.413,82,135,55.8,0,1,0,32
87.47,83,135,55.8,0,1,0,32
87.533,83,135,55.7,0,1,0,32
87.589,83,135,55.7,0,1,0,32
87.646,83,135,55.8,0,1,0,32
87.708,83,135,55.7,0,1,0,32
87.778,83,135,55.7,0,1,0,32
87.832,83,135,55.7,0,1,0,32
87.888,83,135,55.7,0,1,0,32
87.949,83,135,55.8,0,1,0,32
88.011,83,135,55.8,0,1,0,32
88.07,83,135,55.8,0,1,0,32
88.13,83,135,55.8,0,1,0,32
88.192,83,135,55.8,0,1,0,32
88.249,82,135,55.8,0,1,0,32
88.31,82,135,55.8,0,1,0,32
88.372,82,135,55.8,0,1,0,32
88.434,82,135,55.8,0,1,0,32
88.494,82,135,55.8,0,1,0,32
88.551,82,135,55.8,0,1,0,32
88.615,83,135,55.8,0,1,0,32
88.673,82,135,55.8,0,1,0,32
88.734,83,135,55.7,0,1,0,32
88.794,83,135,55.8,0,1,0,32
88.853,83,135,55.7,0,1,0,32
88.915,82,135,55.8,0,1,0,32
88.976,83,135,55.8,0,1,0,32
89.036,83,135,55.8,0,1,0,32
89.095,83,135,55.8,0,1,0,32
89.166,83,135,55.7,0,1,0,32
89.224,82,135,55.8,0,1,0,32
89.278,83,135,55.7,0,1,0,32
89.339,83,135,55.8,0,1,0,32
89.401,82,135,55.8,0,1,0,32
89.458,82,135,55.8,0,1,0,32
89.519,83,135,55.8,0,1,0,32
89.577,83,135,55.8,0,1,0,32
89.655,82,135,55.9,0,1,0,32
89.708,83,135,55.8,0,1,0,32
89.768,83,135,55.8,0,1,0,32
89.827,82,135,55.8,0,1,0,32
89.883,83,135,55.7,0,1,0,32
89.939,83,135,55.8,0,1,0,32
90.0,83,135,55.8,0,1,0,32
90.062,83,135,55.8,0,1,0,32
90.121,83,135,55.9,0,1,0,32
90.183,83,135,55.8,0,1,0,32
90.248,82,135,55.8,0,1,0,32
90.302,83,135,55.8,0,1,0,32
90.362,82,135,55.8,0,1,0,32
90.433,83,135,55.8,0,1,0,32
90.487,83,135,55.8,0,1,0,32
90.542,82,135,55.8,0,1,0,32
90.605,83,135,55.7,0,1,0,32
90.665,83,135,55.7,0,1,0,32
90.725,83,135,55.7,0,1,0,32
90.787,83,135,55.8,0,1,0,32
90.847,83,135,55.8,0,1,0,32
90.907,82,135,55.8,0,1,0,32
90.967,83,135,55.8,0,1,0,32
91.027,83,135,55.8,0,1,0,32
91.087,83,135,55.8,0,1,0,32
91.146,83,135,55.8,0,1,0,32
91.207,83,135,55.9,0,1,0,32
91.267,83,135,55.8,0,1,0,32
91.328,83,135,55.7,0,1,0,32
91.39,83,135,55.8,0,1,0,32
91.448,83,135,55.8,0,1,0,32
91.508,83,135,55.7,0,1,0,32
91.57,83,135,55.7,0,1,0,32
91.631,83,135,55.8,0,1,0,32
91.704,83,135,55.8,0,1,0,32
91.757,83,135,55.8,0,1,0,32
91.815,83,135,55.7,0,1,0,32
91.874,83,135,55.8,0,1,0,32
91.93,83,135,55.8,0,1,0,32
91.993,83,135,55.9,0,1,0,32
92.051,83,135,55.8,0,1,0,32
92.116,83,135,55.9,0,1,0,32
92.174,83,135,55.8,0,1,0,32
92.234,83,135,55.8,0,1,0,32
92.311,83,135,55.9,0,1,0,32
92.364,83,135,55.8,0,1,0,32
92.424,83,135,55.8,0,1,0,32
92.482,83,135,55.9,0,1,0,32
92.535,83,135,55.8,0,1,0,32
92.597,83,135,55.8,0,1,0,32
92.656,83,135,55.8,0,1,0,32
92.716,83,135,55.8,0,1,0,32
92.777,83,135,55.8,0,1,0,32
92.838,83,135,55.8,0,1,0,32
92.897,83,135,55.8,0,1,0,32
92.958,83,135,55.8,0,1,0,32
93.019,83,135,55.8,0,1,0,32
93.077,83,135,55.7,0,1,0,32
93.14,83,135,55.7,0,1,0,32
93.202,83,135,55.7,0,1,0,32
93.258,83,135,55.7,0,1,0,32
93.328,83,135,55.8,0,1,0,32
93.382,83,135,55.8,0,1,0,32
93.441,83,135,55.8,0,1,0,32
93.5,83,135,55.9,0,1,0,32
93.57,83,135,55.8,0,1,0,32
93.623,83,135,55.8,0,1,0,32
93.681,83,135,55.8,0,1,0,32
93.757,83,135,55.8,0,1,0,32
93.81,83,135,55.9,0,1,0,32
93.866,83,135,55.7,0,1,0,32
93.924,83,135,55.8,0,1,0,32
93.982,83,135,55.8,0,1,0,32
94.043,83,135,55.8,0,1,0,32
94.103,83,135,55.8,0,1,0,32
94.164,83,135,55.8,0,1,0,32
94.226,83,135,55.8,0,1,0,32
94.283,83,135,55.8,0,1,0,32
94.346,83,135,55.8,0,1,0,32
94.404,83,135,55.8,0,1,0,32
94.465,83,135,55.9,0,1,0,32
94.525,83,135,55.7,0,1,0,32
94.585,83,135,55.8,0,1,0,32
94.648,82,135,55.8,0,1,0,32
94.712,83,135,55.8,0,1,0,32
94.766,83,135,55.7,0,1,0,32
94.827,83,135,55.9,0,1,0,32
94.887,83,135,55.8,0,1,0,32
94.947,83,135,55.8,0,1,0,32
95.008,83,135,55.8,0,1,0,32
95.068,83,135,55.9,0,1,0,32
95.128,83,135,55.9,0,1,0,32
95.19,83,135,55.9,0,1,0,32
95.25,83,135,55.8,0,1,0,32
95.309,83,135,55.8,0,1,0,32
95.37,83,135,55.8,0,1,0,32
95.431,83,135,55.8,0,1,0,32
95.491,83,135,55.9,0,1,0,32
95.55,83,135,55.9,0,1,0,32
95.611,83,135,55.9,0,1,0,32
95.672,83,135,55.9,0,1,0,32
95.732,83,135,55.8,0,1,0,32
95.792,83,135,55.9,0,1,0,32
95.866,83,135,55.8,0,1,0,32
95.92,83,135,55.8,0,1,0,32
95.976,83,135,55.8,0,1,0,32
96.036,83,135,55.8,0,1,0,32
96.096,83,135,55.8,0,1,0,32
96.162,83,135,55.9,0,1,0,32
96.217,83,135,55.8,0,1,0,32
96.279,83,135,55.9,0,1,0,32
96.339,83,135,55.8,0,1,0,32
96.396,83,135,55.8,0,1,0,32
96.46,83,135,55.8,0,1,0,32
96.523,83,135,55.8,0,1,0,32
96.579,83,135,55.8,0,1,0,32
96.638,83,135,55.8,0,1,0,32
96.701,83,135,55.8,0,1,0,32
96.759,83,135,55.9,0,1,0,32
96.824,83,135,55.8,0,1,0,32
96.878,83,135,55.8,0,1,0,32
96.939,83,135,55.8,0,1,0,32
96.999,83,135,55.9,0,1,0,32
97.061,83,135,55.8,0,1,0,32
97.122,83,135,55.9,0,1,0,32
97.181,83,135,55.9,0,1,0,32
97.242,83,135,55.8,0,1,0,32
97.302,83,135,55.8,0,1,0,32
97.363,83,135,55.9,0,1,0,32
97.423,83,135,55.9,0,1,0,32
97.482,83,135,55.8,0,1,0,32
97.544,83,135,55.9,0,1,0,32
97.603,83,135,55.9,0,1,0,32
97.664,83,135,55.9,0,1,0,32
97.723,83,135,55.9,0,1,0,32
97.782,83,135,55.9,0,1,0,32
97.845,83,135,55.8,0,1,0,32
97.903,83,135,55.9,0,1,0,32
97.963,83,135,55.9,0,1,0,32
98.025,83,135,55.8,0,1,0,32
98.084,83,135,55.9,0,1,0,32
98.146,83,135,55.8,0,1,0,32
98.208,83,135,55.9,0,1,0,32
98.268,83,135,55.9,0,1,0,32
98.329,83,135,55.9,0,1,0,32
98.387,83,135,55.9,0,1,0,32
98.456,83,135,55.9,0,1,0,32
98.51,83,135,55.8,0,1,0,32
98.57,83,135,55.8,0,1,0,32
98.632,83,135,55.9,0,1,0,32
98.705,83,135,55.9,0,1,0,32
98.758,83,135,55.9,0,1,0,32
98.822,83,135,55.9,0,1,0,32
98.876,83,135,55.9,0,1,0,32
98.93,83,135,55.9,0,1,0,32
98.992,83,135,55.8,0,1,0,32
99.076,83,135,55.9,0,1,0,32
99.183,83,135,55.8,0,1,0,32
99.236,83,135,55.9,0,1,0,32
99.295,83,135,55.8,0,1,0,32
99.354,83,135,55.9,0,1,0,32
99.416,83,135,55.8,0,1,0,32
99.474,83,135,55.9,0,1,0,32
99.535,83,135,55.9,0,1,0,32
99.596,83,135,55.9,0,1,0,32
99.662,83,135,55.9,0,1,0,32
99.728,83,135,55.9,0,1,0,32
99.783,83,135,55.9,0,1,0,32
99.837,83,135,55.9,0,1,0,32
99.897,83,135,55.9,0,1,0,32
99.955,83,135,55.9,0,1,0,32
100.015,83,135,55.9,0,1,0,32
100.077,83,135,56.0,0,1,0,32
100.136,83,135,55.9,0,1,0,32
100.199,83,135,55.9,0,1,0,32
100.26,83,135,55.9,0,1,0,32
100.317,83,135,55.9,0,1,0,32
100.378,83,135,55.9,0,1,0,32
100.438,83,135,55.9,0,1,0,32
100.499,83,135,55.9,0,1,0,32
100.561,83,135,55.9,0,1,0,32
100.62,83,135,55.8,0,1,0,32
100.681,83,135,55.8,0,1,0,32
100.74,83,135,55.9,0,1,0,32
100.8,83,135,55.8,0,1,0,32
100.861,83,135,55.9,0,1,0,32
100.921,83,135,55.8,0,1,0,32
100.981,83,135,55.9,0,1,0,32
101.042,83,135,55.9,0,1,0,32
101.102,83,135,55.9,0,1,0,32
101.162,83,135,55.9,0,1,0,32
101.224,83,135,55.9,0,1,0,32
101.283,83,135,55.9,0,1,0,32
101.343,83,135,55.9,0,1,0,32
101.405,83,135,55.9,0,1,0,32
101.465,83,135,55.9,0,1,0,32
101.528,83,135,55.9,0,1,0,32
101.584,83,135,55.9,0,1,0,32
101.656,83,135,56.0,0,1,0,32
101.771,83,135,55.9,0,1,0,32
101.834,83,135,55.9,0,1,0,32
101.888,83,135,55.9,0,1,0,32
101.953,83,135,55.9,0,1,0,32
102.01,83,135,55.9,0,1,0,32
102.068,83,135,55.8,0,1,0,32
102.131,83,135,56.0,0,1,0,32
102.189,83,135,55.9,0,1,0,32
102.25,83,135,55.9,0,1,0,32
102.308,83,135,56.0,0,1,0,32
102.369,83,135,55.9,0,1,0,32
102.429,83,135,55.9,0,1,0,32
102.489,83,135,55.9,0,1,0,32
102.55,83,135,55.9,0,1,0,32
102.609,83,135,55.9,0,1,0,32
102.671,83,135,55.9,0,1,0,32
102.73,83,135,55.9,0,1,0,32
102.79,83,135,55.9,0,1,0,32
102.852,83,135,55.9,0,1,0,32
102.911,83,135,55.9,0,1,0,32
102.975,83,135,55.9,0,1,0,32
103.033,83,135,55.9,0,1,0,32
103.094,83,135,55.9,0,1,0,32
103.153,83,135,55.9,0,1,0,32
103.213,83,135,56.0,0,1,0,32
103.279,83,135,55.9,0,1,0,32
103.337,83,135,56.0,0,1,0,32
103.397,83,135,55.9,0,1,0,32
103.457,83,135,55.9,0,1,0,32
103.516,83,135,55.9,0,1,0,32
103.578,83,135,55.9,0,1,0,32
103.635,83,135,55.9,0,1,0,32
103.696,83,135,55.9,0,1,0,32
103.757,83,135,55.9,0,1,0,32
103.816,83,135,55.9,0,1,0,32
103.894,83,135,55.9,0,1,0,32
103.953,83,135,55.9,0,1,0,32
104.007,83,135,56.0,0,1,0,32
104.06,83,135,55.9,0,1,0,32
104.118,83,135,56.0,0,1,0,32
104.189,83,135,55.9,0,1,0,32
104.244,83,135,56.0,0,1,0,32
104.303,83,135,56.0,0,1,0,32
104.361,83,135,56.0,0,1,0,32
104.421,83,135,56.0,0,1,0,32
104.482,83,135,55.9,0,1,0,32
104.543,83,135,56.0,0,1,0,32
104.601,83,135,55.9,0,1,0,32
104.671,83,135,56.0,0,1,0,32
104.725,83,135,55.9,0,1,0,32
104.861,83,135,56.0,0,1,0,32
104.914,83,135,56.0,0,1,0,32
104.973,83,135,55.9,0,1,0,32
105.026,83,135,56.0,0,1,0,32
105.085,83,135,56.0,0,1,0,32
105.143,83,135,56.0,0,1,0,32
105.204,83,135,55.9,0,1,0,32
105.265,83,135,56.0,0,1,0,32
105.327,83,135,55.9,0,1,0,32
105.387,83,135,56.0,0,1,0,32
105.446,83,135,55.9,0,1,0,32
105.507,83,135,56.0,0,1,0,32
105.566,83,135,56.0,0,1,0,32
105.626,83,135,55.9,0,1,0,32
105.687,83,135,55.9,0,1,0,32
105.748,83,135,55.9,0,1,0,32
105.808,83,135,56.0,0,1,0,32
105.869,83,135,55.8,0,1,0,32
105.928,83,135,56.0,0,1,0,32
105.988,83,135,56.0,0,1,0,32
106.059,83,135,56.0,0,1,0,32
106.112,83,135,56.0,0,1,0,32
106.17,83,135,56.0,0,1,0,32
106.245,83,135,55.9,0,1,0,32
106.299,83,135,55.9,0,1,0,32
106.353,83,135,55.9,0,1,0,32
106.412,83,135,55.9,0,1,0,32
106.478,83,135,55.9,0,1,0,32
106.532,83,135,55.9,0,1,0,32
106.593,83,135,55.9,0,1,0,32
106.653,83,135,55.9,0,1,0,32
106.714,83,135,55.9,0,1,0,32
106.774,83,135,56.0,0,1,0,32
106.832,83,135,56.0,0,1,0,32
106.893,83,135,55.9,0,1,0,32
106.955,83,135,55.9,0,1,0,32
107.014,83,135,56.0,0,1,0,32
107.075,83,135,56.1,0,1,0,32
107.135,83,135,56.1,0,1,0,32
107.195,83,135,56.0,0,1,0,32
107.26,83,135,55.9,0,1,0,32
107.32,83,135,55.9,0,1,0,32
107.381,83,135,56.0,0,1,0,32
107.435,83,135,56.0,0,1,0,32
107.498,83,135,56.0,0,1,0,32
107.558,83,135,56.0,0,1,0,32
107.616,83,135,56.0,0,1,0,32
107.677,83,135,56.0,0,1,0,32
107.736,83,135,56.0,0,1,0,32
107.799,83,135,56.0,0,1,0,32
107.857,83,135,56.0,0,1,0,32
107.918,83,135,56.0,0,1,0,32
107.979,83,135,56.0,0,1,0,32
108.037,83,135,56.0,0,1,0,32
108.101,83,135,55.9,0,1,0,32
108.159,83,135,55.9,0,1,0,32
108.218,83,135,56.0,0,1,0,32
108.281,83,135,56.0,0,1,0,32
108.339,83,135,55.9,0,1,0,32
108.402,83,135,56.0,0,1,0,32
108.462,83,135,55.9,0,1,0,32
108.523,83,135,55.9,0,1,0,32
108.59,83,135,56.0,0,1,0,32
108.643,83,135,56.0,0,1,0,32
108.705,83,135,55.9,0,1,0,32
108.763,83,135,56.0,0,1,0,32
108.823,83,135,56.0,0,1,0,32
108.885,83,135,56.0,0,1,0,32
108.943,83,135,55.9,0,1,0,32
109.004,83,135,55.9,0,1,0,32
109.063,83,135,56.0,0,1,0,32
109.126,83,135,55.9,0,1,0,32
109.187,83,135,56.0,0,1,0,32
109.244,83,135,55.9,0,1,0,32
109.308,83,135,56.0,0,1,0,32
109.367,83,135,56.0,0,1,0,32
109.425,83,135,56.0,0,1,0,32
109.486,83,135,55.9,0,1,0,32
109.547,83,135,56.0,0,1,0,32
109.608,83,135,55.9,0,1,0,32
109.668,83,135,55.9,0,1,0,32
109.73,83,135,56.0,0,1,0,32
109.795,83,135,56.1,0,1,0,32
109.849,83,135,56.0,0,1,0,32
109.911,83,135,56.0,0,1,0,32
109.976,83,135,55.9,0,1,0,32
110.03,83,135,56.0,0,1,0,32
110.089,83,135,56.0,0,1,0,32
110.15,83,135,56.0,0,1,0,32
110.212,83,135,55.9,0,1,0,32
110.27,83,135,56.0,0,1,0,32
110.333,83,135,55.9,0,1,0,32
110.392,83,135,56.0,0,1,0,32
110.452,83,135,56.1,0,1,0,32
110.514,83,135,56.0,0,1,0,32
110.573,83,135,56.1,0,1,0,32
110.634,83,135,56.0,0,1,0,32
110.694,83,135,56.0,0,1,0,32
110.753,83,135,56.1,0,1,0,32
110.814,83,135,56.0,0,1,0,32
110.872,83,135,56.0,0,1,0,32
110.935,83,135,56.0,0,1,0,32
110.995,83,135,55.9,0,1,0,32
111.054,83,135,56.0,0,1,0,32
111.115,83,135,56.1,0,1,0,32
111.176,83,135,56.0,0,1,0,32
111.236,83,135,56.1,0,1,0,32
111.296,83,135,56.0,0,1,0,32
111.356,83,135,56.1,0,1,0,32
111.416,83,135,56.0,0,1,0,32
111.478,83,135,56.0,0,1,0,32
111.54,83,135,56.1,0,1,0,32
111.599,83,135,56.1,0,1,0,32
111.66,83,135,56.1,0,1,0,32
111.718,83,135,56.1,0,1,0,32
111.78,83,135,56.1,0,1,0,32
111.84,83,135,56.0,0,1,0,32
111.9,83,135,56.0,0,1,0,32
111.961,83,135,56.1,0,1,0,32
112.021,83,135,56.1,0,1,0,32
112.082,83,135,56.1,0,1,0,32
112.142,83,135,56.0,0,1,0,32
112.202,83,135,56.1,0,1,0,32
112.262,83,135,56.0,0,1,0,32
112.323,83,135,56.1,0,1,0,32
112.383,83,135,56.0,0,1,0,32
112.443,83,135,56.0,0,1,0,32
112.504,83,135,56.1,0,1,0,32
112.564,83,135,56.1,0,1,0,32
112.625,83,135,56.1,0,1,0,32
112.685,83,135,56.1,0,1,0,32
112.745,83,135,56.1,0,1,0,32
112.804,83,135,56.0,0,1,0,32
112.865,83,135,56.1,0,1,0,32
112.927,83,135,56.1,0,1,0,32
112.995,83,135,56.0,0,1,0,32
113.049,83,135,56.1,0,1,0,32
113.106,83,135,56.1,0,1,0,32
113.167,83,135,56.0,0,1,0,32
113.228,83,135,56.1,0,1,0,32
113.289,83,135,56.1,0,1,0,32
113.349,83,135,56.1,0,1,0,32
113.408,83,135,56.1,0,1,0,32
113.468,83,135,56.1,0,1,0,32
113.53,83,135,56.1,0,1,0,32
113.59,83,135,56.1,0,1,0,32
113.649,83,135,56.1,0,1,0,32
113.711,83,135,56.1,0,1,0,32
113.77,83,135,56.0,0,1,0,32
113.831,83,135,56.1,0,1,0,32
113.891,83,135,56.1,0,1,0,32
113.952,83,135,56.1,0,1,0,32
114.011,83,135,56.1,0,1,0,32
114.069,83,135,56.0,0,1,0,32
114.134,83,135,56.1,0,1,0,32
114.192,83,135,56.1,0,1,0,32
114.252,83,135,56.1,0,1,0,32
114.316,83,135,56.1,0,1,0,32
114.373,83,135,56.1,0,1,0,32
114.435,83,135,56.1,0,1,0,32
114.494,83,135,56.1,0,1,0,32
114.556,83,135,56.0,0,1,0,32
114.615,83,135,56.1,0,1,0,32
114.674,83,135,56.1,0,1,0,32
114.737,83,135,56.1,0,1,0,32
114.795,83,135,56.1,0,1,0,32
114.856,83,135,56.1,0,1,0,32
114.917,83,135,56.1,0,1,0,32
114.977,83,135,56.1,0,1,0,32
115.038,83,135,56.1,0,1,0,32
115.096,83,135,56.1,0,1,0,32
115.159,83,135,56.0,0,1,0,32
115.219,83,135,56.0,0,1,0,32
115.278,83,135,56.1,0,1,0,32
115.341,83,135,56.1,0,1,0,32
115.399,83,135,56.1,0,1,0,32
115.46,83,135,56.1,0,1,0,32
115.518,83,135,56.1,0,1,0,32
115.58,83,135,56.1,0,1,0,32
115.641,83,135,56.1,0,1,0,32
115.701,83,135,56.1,0,1,0,32
115.764,83,135,56.1,0,1,0,32
115.822,83,135,56.1,0,1,0,32
115.881,83,135,56.0,0,1,0,32
115.943,83,135,56.1,0,1,0,32
116.002,83,135,56.1,0,1,0,32
116.063,83,135,56.1,0,1,0,32
116.123,83,135,56.1,0,1,0,32
116.184,83,135,56.1,0,1,0,32
116.243,83,135,56.1,0,1,0,32
116.303,83,135,56.1,0,1,0,32
116.364,83,135,56.1,0,1,0,32
116.423,83,135,56.1,0,1,0,32
116.484,83,135,56.1,0,1,0,32
116.545,83,135,56.1,0,1,0,32
116.604,83,135,56.1,0,1,0,32
116.666,83,135,56.1,0,1,0,32
116.725,83,135,56.1,0,1,0,32
116.786,83,135,56.1,0,1,0,32
116.846,83,135,56.1,0,1,0,32
116.905,83,135,56.1,0,1,0,32
116.969,83,135,56.1,0,1,0,32
117.026,83,135,56.1,0,1,0,32
117.087,83,135,56.1,0,1,0,32
117.148,83,135,56.1,0,1,0,32
117.207,83,135,56.1,0,1,0,32
117.268,83,135,56.1,0,1,0,32
117.329,83,135,56.1,0,1,0,32
117.389,83,135,56.1,0,1,0,32
117.449,83,135,56.1,0,1,0,32
117.51,83,135,56.1,0,1,0,32
117.57,83,135,56.1,0,1,0,32
117.63,83,135,56.1,0,1,0,32
117.69,83,135,56.1,0,1,0,32
117.752,83,135,56.1,0,1,0,32
117.812,83,135,56.1,0,1,0,32
117.87,83,135,56.1,0,1,0,32
117.931,83,135,56.1,0,1,0,32
117.992,83,135,56.1,0,1,0,32
118.052,83,135,56.1,0,1,0,32
118.113,83,135,56.1,0,1,0,32
118.174,83,135,56.1,0,1,0,32
118.233,83,135,56.1,0,1,0,32
118.294,83,135,56.1,0,1,0,32
118.355,83,135,56.1,0,1,0,32
118.414,83,135,56.1,0,1,0,32
118.474,83,135,56.1,0,1,0,32
118.535,83,135,56.1,0,1,0,32
118.595,83,135,56.1,0,1,0,32
118.656,83,135,56.1,0,1,0,32
118.715,83,135,56.1,0,1,0,32
118.78,83,135,56.1,0,1,0,32
118.838,83,135,56.1,0,1,0,32
118.896,83,135,56.1,0,1,0,32
118.958,83,135,56.1,0,1,0,32
119.017,83,135,56.1,0,1,0,32
119.077,83,135,56.1,0,1,0,32
119.139,83,135,56.1,0,1,0,32
119.198,83,135,56.1,0,1,0,32
119.259,83,135,56.1,0,1,0,32
119.32,83,135,56.1,0,1,0,32
119.38,83,135,56.1,0,1,0,32
119.44,83,135,56.1,0,1,0,32
119.499,83,135,56.1,0,1,0,32
119.562,83,135,56.1,0,1,0,32
119.62,83,135,56.1,0,1,0,32
119.68,83,135,56.1,0,1,0,32
119.742,83,135,56.1,0,1,0,32
119.801,83,135,56.1,0,1,0,32
119.863,83,135,56.1,0,1,0,32
119.921,83,135,56.1,0,1,0,32
119.983,83,135,56.1,0,1,0,32
120.044,83,135,56.2,0,1,0,32
120.103,83,135,56.1,0,1,0,32
120.166,83,135,56.1,0,1,0,32
120.224,83,135,56.1,0,1,0,32
120.284,83,135,56.1,0,1,0,32
120.346,83,135,56.1,0,1,0,32
120.404,83,135,56.1,0,1,0,32
120.466,83,135,56.1,0,1,0,32
120.525,83,135,56.1,0,1,0,32
120.587,83,135,56.1,0,1,0,32
120.647,83,135,56.2,0,1,0,32
120.706,83,135,56.1,0,1,0,32
120.768,83,135,56.1,0,1,0,32
120.827,83,135,56.1,0,1,0,32
120.888,83,135,56.1,0,1,0,32
120.948,83,135,56.1,0,1,0,32
121.008,83,135,56.1,0,1,0,32
121.069,83,135,56.1,0,1,0,32
121.128,83,135,56.1,0,1,0,32
121.191,83,135,56.2,0,1,0,32
121.249,83,135,56.2,0,1,0,32
121.31,83,135,56.1,0,1,0,32
121.371,83,135,56.1,0,1,0,32
121.43,83,135,56.2,0,1,0,32
121.491,83,135,56.1,0,1,0,32
121.551,83,135,56.1,0,1,0,32
121.611,83,135,56.2,0,1,0,32
121.673,83,135,56.1,0,1,0,32
121.739,83,135,56.2,0,1,0,32
121.794,83,135,56.1,0,1,0,32
121.853,83,135,56.1,0,1,0,32
121.914,83,135,56.1,0,1,0,32
121.974,83,135,56.2,0,1,0,32
122.033,83,135,56.2,0,1,0,32
122.094,83,135,56.1,0,1,0,32
122.154,83,135,56.1,0,1,0,32
122.215,83,135,56.1,0,1,0,32
122.275,83,135,56.1,0,1,0,32
122.336,83,135,56.2,0,1,0,32
122.397,83,135,56.1,0,1,0,32
122.456,83,135,56.2,0,1,0,32
122.517,83,135,56.1,0,1,0,32
122.577,83,135,56.1,0,1,0,32
122.636,83,135,56.1,0,1,0,32
122.697,83,135,56.1,0,1,0,32
122.758,83,135,56.1,0,1,0,32
122.818,83,135,56.1,0,1,0,32
122.878,83,135,56.1,0,1,0,32
122.94,83,135,56.1,0,1,0,32
123.0,83,135,56.1,0,1,0,32
123.059,83,135,56.1,0,1,0,32
123.121,83,135,56.1,0,1,0,32
123.181,83,135,56.1,0,1,0,32
123.243,83,135,56.2,0,1,0,32
123.3,83,135,56.2,0,1,0,32
123.363,83,135,56.2,0,1,0,32
123.423,83,135,56.1,0,1,0,32
123.483,83,135,56.2,0,1,0,32
123.544,83,135,56.2,0,1,0,32
123.604,83,135,56.2,0,1,0,32
123.664,83,135,56.2,0,1,0,32
123.723,83,135,56.1,0,1,0,32
123.784,83,135,56.2,0,1,0,32
123.846,83,135,56.2,0,1,0,32
123.903,83,135,56.2,0,1,0,32
123.967,83,135,56.2,0,1,0,32
124.026,83,135,56.2,0,1,0,32
124.087,83,135,56.2,0,1,0,32
124.147,83,135,56.2,0,1,0,32
124.208,83,135,56.2,0,1,0,32
124.271,83,135,56.2,0,1,0,32
124.328,83,135,56.2,0,1,0,32
124.387,83,135,56.2,0,1,0,32
124.449,83,135,56.2,0,1,0,32
124.506,83,135,56.2,0,1,0,32
124.57,83,135,56.2,0,1,0,32
124.627,83,135,56.1,0,1,0,32
124.69,83,135,56.2,0,1,0,32
124.748,83,135,56.2,0,1,0,32
124.811,83,135,56.2,0,1,0,32
124.87,83,135,56.2,0,1,0,32
124.93,83,135,56.2,0,1,0,32
124.991,83,135,56.2,0,1,0,32
125.052,83,135,56.2,0,1,0,32
125.109,83,135,56.1,0,1,0,32
125.173,83,135,56.2,0,1,0,32
125.23,83,135,56.2,0,1,0,32
125.294,83,135,56.2,0,1,0,32
125.352,83,135,56.2,0,1,0,32
125.412,83,135,56.2,0,1,0,32
125.473,83,135,56.2,0,1,0,32
125.532,83,135,56.2,0,1,0,32
125.595,83,135,56.2,0,1,0,32
125.652,83,135,56.2,0,1,0,32
125.713,83,135,56.2,0,1,0,32
125.778,83,135,56.2,0,1,0,32
125.833,83,135,56.2,0,1,0,32
125.897,83,135,56.2,0,1,0,32
125.954,83,135,56.2,0,1,0,32
126.017,83,135,56.3,0,1,0,32
126.076,83,135,56.2,0,1,0,32
126.135,83,135,56.2,0,1,0,32
126.197,83,135,56.3,0,1,0,32
126.257,83,135,56.2,0,1,0,32
126.317,83,135,56.1,0,1,0,32
126.381,83,135,56.2,0,1,0,32
126.438,83,135,56.2,0,1,0,32
126.5,83,135,56.2,0,1,0,32
126.559,83,135,56.2,0,1,0,32
126.623,83,135,56.2,0,1,0,32
126.68,83,135,56.2,0,1,0,32
126.738,83,135,56.1,0,1,0,32
126.8,83,135,56.1,0,1,0,32
126.859,83,135,56.2,0,1,0,32
126.92,83,135,56.2,0,1,0,32
126.98,83,135,56.2,0,1,0,32
127.04,83,135,56.2,0,1,0,32
127.101,83,135,56.2,0,1,0,32
127.161,83,135,56.1,0,1,0,32
127.225,83,135,56.2,0,1,0,32
127.282,83,135,56.2,0,1,0,32
127.343,83,135,56.2,0,1,0,32
127.404,83,135,56.2,0,1,0,32
127.462,83,135,56.2,0,1,0,32
127.523,83,135,56.2,0,1,0,32
127.583,83,135,56.2,0,1,0,32
127.644,83,135,56.2,0,1,0,32
127.704,83,135,56.2,0,1,0,32
127.764,83,135,56.2,0,1,0,32
127.826,83,135,56.2,0,1,0,32
127.885,83,135,56.2,0,1,0,32
127.946,83,135,56.2,0,1,0,32
128.006,83,135,56.2,0,1,0,32
128.066,83,135,56.2,0,1,0,32
128.126,83,135,56.2,0,1,0,32
128.187,83,135,56.2,0,1,0,32
128.247,83,135,56.2,0,1,0,32
128.307,83,135,56.2,0,1,0,32
128.369,83,135,56.2,0,1,0,32
128.429,83,135,56.2,0,1,0,32
128.489,83,135,56.2,0,1,0,32
128.549,83,135,56.2,0,1,0,32
128.612,83,135,56.2,0,1,0,32
128.672,83,135,56.2,0,1,0,32
128.729,83,135,56.2,0,1,0,32
128.791,83,135,56.2,0,1,0,32
128.852,83,135,56.2,0,1,0,32
128.915,83,135,56.2,0,1,0,32
128.973,83,135,56.2,0,1,0,32
129.032,83,135,56.2,0,1,0,32
129.092,83,135,56.2,0,1,0,32
129.152,83,135,56.2,0,1,0,32
129.214,83,135,56.2,0,1,0,32
129.273,83,135,56.2,0,1,0,32
129.332,83,135,56.2,0,1,0,32
129.396,83,135,56.2,0,1,0,32
129.453,83,135,56.3,0,1,0,32
129.514,83,135,56.2,0,1,0,32
129.574,83,135,56.2,0,1,0,32
129.635,83,135,56.2,0,1,0,32
129.698,83,135,56.2,0,1,0,32
129.754,83,135,56.2,0,1,0,32
129.818,83,135,56.2,0,1,0,32
129.876,83,135,56.2,0,1,0,32
129.936,83,135,56.2,0,1,0,32
129.999,83,135,56.2,0,1,0,32
130.056,83,135,56.2,0,1,0,32
130.118,83,135,56.2,0,1,0,32
130.179,83,135,56.2,0,1,0,32
130.24,83,135,56.2,0,1,0,32
130.299,83,135,56.2,0,1,0,32
130.359,83,135,56.2,0,1,0,32
130.42,83,135,56.2,0,1,0,32
130.479,83,135,56.2,0,1,0,32
130.539,83,135,56.2,0,1,0,32
130.602,83,135,56.2,0,1,0,32
130.661,83,135,56.2,0,1,0,32
130.721,83,135,56.2,0,1,0,32
130.782,83,135,56.2,0,1,0,32
130.841,83,135,56.2,0,1,0,32
130.902,83,135,56.2,0,1,0,32
130.961,83,135,56.2,0,1,0,32
131.024,83,135,56.2,0,1,0,32
131.083,83,135,56.2,0,1,0,32
131.142,83,135,56.2,0,1,0,32
131.203,83,135,56.2,0,1,0,32
131.262,83,135,56.2,0,1,0,32
131.324,83,135,56.2,0,1,0,32
131.384,83,135,56.2,0,1,0,32
131.445,83,135,56.2,0,1,0,32
131.505,83,135,56.2,0,1,0,32
131.564,83,135,56.2,0,1,0,32
131.627,83,135,56.2,0,1,0,32
131.685,83,135,56.2,0,1,0,32
131.746,83,135,56.2,0,1,0,32
131.808,83,135,56.2,0,1,0,32
131.868,83,135,56.2,0,1,0,32
131.927,83,135,56.2,0,1,0,32
131.988,83,135,56.2,0,1,0,32
132.049,83,135,56.2,0,1,0,32
132.109,83,135,56.2,0,1,0,32
132.169,83,135,56.2,0,1,0,32
132.231,83,135,56.2,0,1,0,32
132.288,83,135,56.3,0,1,0,32
132.349,83,135,56.2,0,1,0,32
132.411,83,135,56.3,0,1,0,32
132.469,83,135,56.2,0,1,0,32
132.531,83,135,56.2,0,1,0,32
132.59,83,135,56.2,0,1,0,32
132.654,83,135,56.2,0,1,0,32
132.711,83,135,56.3,0,1,0,32
132.772,83,135,56.2,0,1,0,32
132.836,83,135,56.2,0,1,0,32
132.895,83,135,56.2,0,1,0,32
132.952,83,135,56.2,0,1,0,32
133.014,83,135,56.3,0,1,0,32
133.075,83,135,56.2,0,1,0,32
133.135,83,135,56.2,0,1,0,32
133.193,83,135,56.2,0,1,0,32
133.255,83,135,56.2,0,1,0,32
133.314,83,135,56.2,0,1,0,32
133.376,83,135,56.2,0,1,0,32
133.437,83,135,56.2,0,1,0,32
133.496,83,135,56.3,0,1,0,32
133.556,83,135,56.2,0,1,0,32
133.617,83,135,56.2,0,1,0,32
133.677,83,135,56.2,0,1,0,32
133.738,83,135,56.2,0,1,0,32
133.798,83,135,56.2,0,1,0,32
133.858,83,135,56.2,0,1,0,32
133.918,83,135,56.2,0,1,0,32
133.98,83,135,56.2,0,1,0,32
134.039,83,135,56.3,0,1,0,32
134.101,83,135,56.2,0,1,0,32
134.16,83,135,56.2,0,1,0,32
134.221,83,135,56.2,0,1,0,32
134.281,83,135,56.2,0,1,0,32
134.34,83,135,56.3,0,1,0,32
134.402,83,135,56.3,0,1,0,32
134.462,83,135,56.2,0,1,0,32
134.523,83,135,56.4,0,1,0,32
134.583,83,135,56.3,0,1,0,32
134.643,83,135,56.2,0,1,0,32
134.704,83,135,56.3,0,1,0,32
134.764,83,135,56.3,0,1,0,32
134.827,83,135,56.2,0,1,0,32
134.885,83,135,56.2,0,1,0,32
134.945,83,135,56.3,0,1,0,32
135.006,83,135,56.2,0,1,0,32
135.066,83,135,56.2,0,1,0,32
135.126,83,135,56.3,0,1,0,32
135.186,83,135,56.3,0,1,0,32
135.247,83,135,56.2,0,1,0,32
135.307,83,135,56.4,0,1,0,32
135.367,83,135,56.3,0,1,0,32
135.428,83,135,56.2,0,1,0,32
135.486,83,135,56.2,0,1,0,32
135.547,83,135,56.3,0,1,0,32
135.609,83,135,56.2,0,1,0,32
135.669,83,135,56.3,0,1,0,32
135.729,83,135,56.2,0,1,0,32
135.788,83,135,56.3,0,1,0,32
135.852,83,135,56.3,0,1,0,32
135.911,83,135,56.2,0,1,0,32
135.97,83,135,56.3,0,1,0,32
136.031,83,135,56.3,0,1,0,32
136.09,83,135,56.4,0,1,0,32
136.153,83,135,56.3,0,1,0,32
136.212,83,135,56.3,0,1,0,32
136.274,83,135,56.2,0,1,0,32
136.345,83,135,56.2,0,1,0,32
136.399,83,135,56.3,0,1,0,32
136.454,83,135,56.3,0,1,0,32
136.514,83,135,56.3,0,1,0,32
136.574,83,135,56.3,0,1,0,32
136.636,83,135,56.2,0,1,0,32
136.694,83,135,56.2,0,1,0,32
136.757,83,135,56.4,0,1,0,32
136.815,83,135,56.3,0,1,0,32
136.877,83,135,56.2,0,1,0,32
136.937,83,135,56.2,0,1,0,32
136.994,83,135,56.4,0,1,0,32
137.057,83,135,56.3,0,1,0,32
137.115,83,135,56.4,0,1,0,32
137.175,83,135,56.4,0,1,0,32
137.238,83,135,56.2,0,1,0,32
137.296,83,135,56.2,0,1,0,32
137.36,83,135,56.4,0,1,0,32
137.42,83,135,56.4,0,1,0,32
137.48,83,135,56.3,0,1,0,32
137.54,83,135,56.3,0,1,0,32
137.6,83,135,56.3,0,1,0,32
137.662,83,135,56.3,0,1,0,32
137.721,83,135,56.3,0,1,0,32
137.782,83,135,56.4,0,1,0,32
137.843,83,135,56.3,0,1,0,32
137.902,83,135,56.4,0,1,0,32
137.963,83,135,56.4,0,1,0,32
138.023,83,135,56.2,0,1,0,32
138.083,83,135,56.3,0,1,0,32
138.144,83,135,56.3,0,1,0,32
138.203,83,135,56.3,0,1,0,32
138.264,83,135,56.3,0,1,0,32
138.323,83,135,56.3,0,1,0,32
138.383,83,135,56.4,0,1,0,32
138.446,83,135,56.3,0,1,0,32
138.506,83,135,56.4,0,1,0,32
138.566,83,135,56.4,0,1,0,32
138.627,83,135,56.3,0,1,0,32
138.686,83,135,56.3,0,1,0,32
138.746,83,135,56.4,0,1,0,32
138.808,83,135,56.4,0,1,0,32
138.867,83,135,56.3,0,1,0,32
138.926,83,135,56.4,0,1,0,32
138.986,83,135,56.4,0,1,0,32
139.048,83,135,56.3,0,1,0,32
139.109,83,135,56.3,0,1,0,32
139.169,83,135,56.4,0,1,0,32
139.23,83,135,56.3,0,1,0,32
139.292,83,135,56.3,0,1,0,32
139.351,83,135,56.4,0,1,0,32
139.41,83,135,56.3,0,1,0,32
139.473,83,135,56.3,0,1,0,32
139.531,83,135,56.4,0,1,0,32
139.59,83,135,56.4,0,1,0,32
139.653,83,135,56.3,0,1,0,32
139.713,83,135,56.3,0,1,0,32
139.773,83,135,56.4,0,1,0,32
139.833,83,135,56.4,0,1,0,32
139.892,83,135,56.4,0,1,0,32
139.954,83,135,56.4,0,1,0,32
140.013,83,135,56.4,0,1,0,32
140.076,83,135,56.3,0,1,0,32
140.136,83,135,56.4,0,1,0,32
140.195,83,135,56.2,0,1,0,32
140.255,83,135,56.4,0,1,0,32
140.315,83,135,56.3,0,1,0,32
140.375,83,135,56.4,0,1,0,32
140.438,83,135,56.4,0,1,0,32
140.496,83,135,56.4,0,1,0,32
140.556,83,135,56.3,0,1,0,32
140.618,83,135,56.4,0,1,0,32
140.7,83,135,56.3,0,1,0,32
140.754,83,135,56.5,0,1,0,32
140.807,83,135,56.3,0,1,0,32
140.861,83,135,56.4,0,1,0,32
140.918,83,135,56.3,0,1,0,32
140.98,83,135,56.5,0,1,0,32
141.041,83,135,56.5,0,1,0,32
141.1,83,135,56.4,0,1,0,32
141.162,83,135,56.5,0,1,0,32
141.221,83,135,56.5,0,1,0,32
141.281,84,135,56.5,0,1,0,32
141.343,83,135,56.4,0,1,0,32
141.4,83,135,56.5,0,1,0,32
141.463,83,135,56.4,0,1,0,32
141.523,83,135,56.4,0,1,0,32
141.584,83,135,56.5,0,1,0,32
141.645,83,135,56.5,0,1,0,32
141.702,83,135,56.3,0,1,0,32
141.766,83,135,56.5,0,1,0,32
141.824,83,135,56.4,0,1,0,32
141.888,83,135,56.3,0,1,0,32
141.947,83,135,56.5,0,1,0,32
142.004,83,135,56.5,0,1,0,32
142.069,84,135,56.5,0,1,0,32
142.127,83,135,56.4,0,1,0,32
142.189,83,135,56.5,0,1,0,32
142.248,83,135,56.5,0,1,0,32
142.308,84,135,56.4,0,1,0,32
142.37,83,135,56.4,0,1,0,32
142.43,83,135,56.3,0,1,0,32
142.492,83,135,56.5,0,1,0,32
142.55,83,135,56.3,0,1,0,32
142.61,84,135,56.4,0,1,0,32
142.672,83,135,56.5,0,1,0,32
142.731,83,135,56.5,0,1,0,32
142.792,84,135,56.5,0,1,0,32
142.853,84,135,56.5,0,1,0,32
142.911,83,135,56.5,0,1,0,32
142.974,84,135,56.5,0,1,0,32
143.031,83,135,56.4,0,1,0,32
143.095,83,135,56.5,0,1,0,32
143.154,84,135,56.5,0,1,0,32
143.214,84,135,56.4,0,1,0,32
143.275,84,135,56.5,0,1,0,32
143.334,84,135,56.4,0,1,0,32
143.396,83,135,56.4,0,1,0,32
143.459,84,135,56.5,0,1,0,32
143.518,84,135,56.4,0,1,0,32
143.577,83,135,56.4,0,1,0,32
143.638,84,135,56.4,0,1,0,32
143.699,83,135,56.5,0,1,0,32
143.758,84,135,56.5,0,1,0,32
143.819,84,135,56.4,0,1,0,32
143.88,84,135,56.5,0,1,0,32
143.939,84,135,56.5,0,1,0,32
144.003,83,135,56.5,0,1,0,32
144.061,84,135,56.5,0,1,0,32
144.121,84,135,56.5,0,1,0,32
144.182,84,135,56.5,0,1,0,32
144.241,83,135,56.5,0,1,0,32
144.304,83,135,56.5,0,1,0,32
144.363,83,135,56.5,0,1,0,32
144.423,84,135,56.5,0,1,0,32
144.484,84,135,56.4,0,1,0,32
144.544,83,135,56.5,0,1,0,32
144.605,83,135,56.5,0,1,0,32
144.665,83,135,56.4,0,1,0,32
144.725,84,135,56.5,0,1,0,32
144.786,83,135,56.5,0,1,0,32
144.846,83,135,56.5,0,1,0,32
144.909,84,135,56.5,0,1,0,32
144.967,83,135,56.5,0,1,0,32
145.027,83,135,56.5,0,1,0,32
145.088,84,135,56.4,0,1,0,32
145.148,84,135,56.5,0,1,0,32
145.209,84,135,56.5,0,1,0,32
145.269,83,135,56.4,0,1,0,32
145.33,84,135,56.4,0,1,0,32
145.39,84,135,56.5,0,1,0,32
145.452,83,135,56.5,0,1,0,32
145.512,84,135,56.5,0,1,0,32
145.575,84,135,56.5,0,1,0,32
145.634,84,135,56.5,0,1,0,32
145.693,84,135,56.5,0,1,0,32
145.753,84,135,56.5,0,1,0,32
145.814,84,135,56.5,0,1,0,32
145.876,84,135,56.5,0,1,0,32
145.935,84,135,56.4,0,1,0,32
145.996,84,135,56.5,0,1,0,32
146.056,84,135,56.5,0,1,0,32
146.118,84,135,56.4,0,1,0,32
146.179,83,135,56.4,0,1,0,32
146.237,84,135,56.5,0,1,0,32
146.299,83,135,56.5,0,1,0,32
146.359,83,135,56.5,0,1,0,32
146.42,84,135,56.4,0,1,0,32
146.484,84,135,56.5,0,1,0,32
146.54,84,135,56.5,0,1,0,32
146.6,84,135,56.5,0,1,0,32
146.66,83,135,56.5,0,1,0,32
146.723,84,135,56.5,0,1,0,32
146.783,84,135,56.4,0,1,0,32
146.842,84,135,56.4,0,1,0,32
146.907,84,135,56.5,0,1,0,32
146.963,84,135,56.5,0,1,0,32
147.024,84,135,56.4,0,1,0,32
147.087,84,135,56.5,0,1,0,32
147.146,84,135,56.5,0,1,0,32
147.208,84,135,56.4,0,1,0,32
147.265,84,135,56.5,0,1,0,32
147.327,84,135,56.5,0,1,0,32
147.389,84,135,56.4,0,1,0,32
147.448,84,135,56.4,0,1,0,32
147.511,84,135,56.5,0,1,0,32
147.569,84,135,56.5,0,1,0,32
147.63,84,135,56.5,0,1,0,32
147.69,83,135,56.5,0,1,0,32
147.748,84,135,56.5,0,1,0,32
147.81,84,135,56.5,0,1,0,32
147.869,84,135,56.5,0,1,0,32
147.933,84,135,56.5,0,1,0,32
147.993,84,135,56.5,0,1,0,32
148.053,84,135,56.5,0,1,0,32
148.114,84,135,56.5,0,1,0,32
148.173,84,135,56.5,0,1,0,32
148.237,84,135,56.5,0,1,0,32
148.297,84,135,56.4,0,1,0,32
148.356,84,135,56.5,0,1,0,32
148.418,84,135,56.5,0,1,0,32
148.478,84,135,56.5,0,1,0,32
148.539,84,135,56.5,0,1,0,32
148.599,84,135,56.5,0,1,0,32
148.659,84,135,56.5,0,1,0,32
148.721,84,135,56.4,0,1,0,32
148.779,84,135,56.5,0,1,0,32
148.842,84,135,56.5,0,1,0,32
148.9,84,135,56.5,0,1,0,32
148.96,83,135,56.5,0,1,0,32
149.021,83,135,56.5,0,1,0,32
149.082,84,135,56.5,0,1,0,32
149.144,84,135,56.4,0,1,0,32
149.202,84,135,56.5,0,1,0,32
149.262,84,135,56.5,0,1,0,32
149.324,84,135,56.4,0,1,0,32
149.383,84,135,56.5,0,1,0,32
149.444,84,135,56.5,0,1,0,32
149.505,84,135,56.5,0,1,0,32
149.566,84,135,56.5,0,1,0,32
149.627,84,135,56.5,0,1,0,32
149.685,84,135,56.5,0,1,0,32
149.748,84,135,56.5,0,1,0,32
149.807,84,135,56.5,0,1,0,32
149.869,84,135,56.5,0,1,0,32
149.928,84,135,56.5,0,1,0,32
149.987,84,135,56.5,0,1,0,32
150.049,84,135,56.5,0,1,0,32
150.109,84,135,56.5,0,1,0,32
150.169,84,135,56.5,0,1,0,32
150.23,84,135,56.5,0,1,0,32
150.289,84,135,56.5,0,1,0,32
150.351,84,135,56.5,0,1,0,32
150.41,84,135,56.5,0,1,0,32
150.471,84,135,56.5,0,1,0,32
150.532,84,135,56.5,0,1,0,32
150.591,84,135,56.4,0,1,0,32
150.653,84,135,56.5,0,1,0,32
150.712,84,135,56.5,0,1,0,32
150.773,84,135,56.5,0,1,0,32
150.833,84,135,56.5,0,1,0,32
150.894,84,135,56.5,0,1,0,32
150.954,84,135,56.5,0,1,0,32
151.014,84,135,56.5,0,1,0,32
151.074,84,135,56.5,0,1,0,32
151.135,84,135,56.5,0,1,0,32
151.195,84,135,56.5,0,1,0,32
151.255,84,135,56.5,0,1,0,32
151.315,84,135,56.5,0,1,0,32
151.375,84,135,56.4,0,1,0,32
151.436,84,135,56.4,0,1,0,32
151.497,84,135,56.5,0,1,0,32
151.557,84,135,56.5,0,1,0,32
151.617,84,135,56.5,0,1,0,32
151.677,84,135,56.5,0,1,0,32
151.74,84,135,56.5,0,1,0,32
151.799,84,135,56.5,0,1,0,32
151.857,84,135,56.5,0,1,0,32
151.919,84,135,56.5,0,1,0,32
151.978,84,135,56.5,0,1,0,32
152.039,84,135,56.6,0,1,0,32
152.099,84,135,56.5,0,1,0,32
152.16,84,135,56.5,0,1,0,32
152.221,84,135,56.5,0,1,0,32
152.281,84,135,56.4,0,1,0,32
152.343,84,135,56.5,0,1,0,32
152.401,84,135,56.5,0,1,0,32
152.461,84,135,56.5,0,1,0,32
152.523,84,135,56.5,0,1,0,32
152.582,84,135,56.5,0,1,0,32
152.642,84,135,56.5,0,1,0,32
152.702,84,135,56.5,0,1,0,32
152.764,84,135,56.5,0,1,0,32
152.826,84,135,56.5,0,1,0,32
152.885,84,135,56.5,0,1,0,32
152.946,84,135,56.6,0,1,0,32
153.004,84,135,56.5,0,1,0,32
153.064,84,135,56.5,0,1,0,32
153.126,84,135,56.5,0,1,0,32
153.185,84,135,56.6,0,1,0,32
153.247,84,135,56.5,0,1,0,32
153.307,84,135,56.5,0,1,0,32
153.368,84,135,56.5,0,1,0,32
153.427,84,135,56.5,0,1,0,32
153.488,84,135,56.5,0,1,0,32
153.551,84,135,56.5,0,1,0,32
153.608,84,135,56.5,0,1,0,32
153.67,84,135,56.5,0,1,0,32
153.73,84,135,56.5,0,1,0,32
153.79,84,135,56.5,0,1,0,32
153.85,84,135,56.5,0,1,0,32
153.911,84,135,56.5,0,1,0,32
153.972,84,135,56.5,0,1,0,32
154.031,84,135,56.5,0,1,0,32
154.09,84,135,56.5,0,1,0,32
154.155,84,135,56.5,0,1,0,32
154.212,84,135,56.5,0,1,0,32
154.272,84,135,56.5,0,1,0,32
154.332,84,135,56.6,0,1,0,32
154.392,84,135,56.5,0,1,0,32
154.453,84,135,56.5,0,1,0,32
154.515,84,135,56.6,0,1,0,32
154.576,84,135,56.6,0,1,0,32
154.635,84,135,56.5,0,1,0,32
154.695,84,135,56.5,0,1,0,32
154.757,84,135,56.5,0,1,0,32
154.815,84,135,56.5,0,1,0,32
154.877,84,135,56.5,0,1,0,32
154.935,84,135,56.6,0,1,0,32
154.996,84,135,56.5,0,1,0,32
155.058,84,135,56.6,0,1,0,32
155.116,84,135,56.6,0,1,0,32
155.179,84,135,56.6,0,1,0,32
155.239,84,135,56.5,0,1,0,32
155.298,84,135,56.6,0,1,0,32
155.36,84,135,56.6,0,1,0,32
155.419,84,135,56.6,0,1,0,32
155.478,84,135,56.5,0,1,0,32
155.541,84,135,56.6,0,1,0,32
155.6,84,135,56.6,0,1,0,32
155.659,84,135,56.6,0,1,0,32
155.719,84,135,56.6,0,1,0,32
155.781,84,135,56.6,0,1,0,32
155.84,84,135,56.6,0,1,0,32
155.902,84,135,56.5,0,1,0,32
155.963,84,135,56.5,0,1,0,32
156.02,84,135,56.5,0,1,0,32
156.081,84,135,56.6,0,1,0,32
156.142,84,135,56.6,0,1,0,32
156.203,84,135,56.6,0,1,0,32
156.262,84,135,56.5,0,1,0,32
156.323,84,135,56.6,0,1,0,32
156.384,84,135,56.6,0,1,0,32
156.443,84,135,56.5,0,1,0,32
156.504,84,135,56.6,0,1,0,32
156.564,84,135,56.5,0,1,0,32
156.626,84,135,56.5,0,1,0,32
156.685,84,135,56.5,0,1,0,32
156.746,84,135,56.6,0,1,0,32
156.807,84,135,56.6,0,1,0,32
156.867,84,135,56.5,0,1,0,32
156.926,84,135,56.5,0,1,0,32
156.987,84,135,56.6,0,1,0,32
157.046,84,135,56.6,0,1,0,32
157.108,84,135,56.6,0,1,0,32
157.17,84,135,56.5,0,1,0,32
