t_s,strategy,phase,temp_c,sm_clk_mhz,power_w,work_done
0.0,B,run,55,1297,60.5,0
0.1,B,run,56,1297,260.9,0
0.21,B,run,59,1290,272.7,8
0.31,B,run,60,1267,271.2,16
0.41,B,run,61,1297,253.9,24
0.52,B,run,62,1290,272.5,32
0.62,B,run,63,1290,273.4,40
0.72,B,run,64,1290,270.0,52
0.83,B,run,64,1297,232.8,60
0.93,B,run,65,1290,254.2,68
1.04,B,run,65,1297,265.6,72
1.15,B,run,65,1297,244.2,84
1.32,B,run,67,1320,276.7,92
1.42,B,run,67,1275,273.7,100
1.53,B,run,68,1267,275.7,112
1.63,B,run,69,1252,243.3,120
1.73,B,run,69,1267,217.7,128
1.84,B,run,69,1267,269.9,136
1.94,B,run,70,1260,271.6,144
2.05,B,run,70,1267,270.1,152
2.16,B,run,71,1275,271.2,160
2.27,B,run,71,1297,270.7,168
2.37,B,run,72,1267,270.9,176
2.47,B,run,72,1297,266.6,184
2.58,B,run,72,1282,269.2,192
2.68,B,run,73,1297,264.2,200
2.78,B,run,73,1290,264.3,208
2.88,B,run,74,1312,279.2,216
2.99,B,run,74,1312,236.0,228
3.17,B,run,74,1267,272.2,236
3.27,B,run,75,1290,269.4,244
3.37,B,run,75,1305,208.6,256
3.5,B,run,75,1297,273.1,260
3.6,B,run,76,1275,239.8,272
3.71,B,run,76,1275,237.7,280
3.81,B,run,77,1275,243.2,288
3.91,B,run,76,1297,264.7,292
4.01,B,run,77,1267,270.0,300
4.12,B,run,77,1297,190.1,312
4.23,B,run,78,1290,243.9,320
4.34,B,run,78,1282,243.5,328
4.44,B,run,78,1297,267.6,332
4.54,B,run,78,1282,243.3,344
4.65,B,run,78,1297,261.2,352
4.81,B,run,79,1267,273.2,360
4.92,B,run,79,1282,273.5,372
5.03,B,run,79,1267,269.6,380
5.14,B,run,80,1290,268.0,388
5.24,B,run,80,1275,268.1,396
5.35,B,run,80,1290,268.9,404
5.45,B,run,80,1267,268.0,412
5.55,B,run,80,1290,270.3,420
5.66,B,run,81,1267,271.0,428
5.77,B,run,81,1290,270.2,436
5.88,B,run,81,1282,270.6,444
5.98,B,run,82,1290,272.3,452
6.08,B,cool,81,1297,127.2,460
6.19,B,cool,81,1342,258.1,464
6.29,B,cool,81,1417,133.2,472
6.4,B,cool,80,1372,255.5,476
6.5,B,cool,81,1372,145.7,484
6.6,B,cool,80,1485,247.0,488
6.71,B,cool,81,1387,185.1,496
6.81,B,cool,80,1395,239.4,500
6.91,B,cool,81,1342,215.2,508
7.02,B,cool,81,1342,194.4,512
7.12,B,cool,81,1455,270.8,516
7.23,B,cool,81,1417,150.4,524
7.33,B,cool,81,1410,265.8,528
7.43,B,cool,81,1342,138.6,536
7.54,B,cool,81,1342,262.6,540
7.65,B,cool,82,1402,126.9,548
7.75,B,cool,80,1372,97.0,552
7.85,B,cool,81,1417,109.3,556
7.95,B,cool,81,1387,123.9,560
8.06,B,cool,81,1342,149.8,564
8.16,B,cool,80,1297,192.4,568
8.26,B,cool,80,1297,261.8,568
8.37,B,cool,80,1297,259.3,572
8.47,B,cool,80,1297,257.9,576
8.58,B,cool,79,1297,247.0,580
8.68,B,cool,79,1410,238.2,584
8.78,B,cool,79,1357,212.0,588
8.89,B,cool,79,1342,158.9,592
8.99,B,cool,79,1312,117.3,596
9.1,B,cool,78,1297,76.7,600
9.2,B,cool,79,1297,77.0,604
9.3,B,cool,78,1395,82.7,608
9.41,B,cool,79,1297,188.8,612
9.51,B,cool,79,1297,241.0,616
9.61,B,cool,80,1297,257.2,620
9.72,B,cool,80,1297,265.5,628
9.82,B,cool,80,1342,153.8,632
9.92,B,cool,80,1342,103.2,636
10.03,B,cool,79,1335,93.7,640
10.13,B,cool,79,1297,202.7,644
10.23,B,cool,80,1327,246.6,648
10.34,B,cool,80,1425,266.8,652
10.44,B,cool,80,1342,219.2,660
10.54,B,cool,81,1372,138.3,664
10.64,B,cool,81,1432,94.0,668
10.75,B,cool,80,1357,151.9,672
10.85,B,cool,80,1327,215.0,676
10.96,B,cool,80,1297,247.7,680
11.06,B,cool,80,1297,255.0,684
11.16,B,cool,81,1455,211.2,692
11.27,B,cool,81,1297,139.9,696
11.38,B,cool,80,1372,101.8,700
11.48,B,cool,80,1327,134.0,704
11.59,B,cool,80,1410,222.4,708
11.69,B,cool,80,1440,262.8,712
11.8,B,cool,81,1342,266.4,716
11.9,B,cool,81,1312,166.3,724
12.01,B,cool,81,1312,110.6,728
12.11,B,cool,81,1297,86.4,732
12.22,B,cool,80,1297,199.3,736
12.32,B,cool,80,1297,246.0,740
12.42,B,cool,81,1327,259.6,744
12.53,B,cool,81,1357,262.8,752
12.63,B,cool,81,1297,149.4,756
12.73,B,cool,81,1312,103.9,760
12.84,B,cool,81,1312,88.4,764
12.94,B,cool,80,1387,144.1,768
13.04,B,cool,80,1425,227.5,772
13.15,B,cool,81,1387,263.2,776
13.25,B,cool,82,1327,211.9,784
13.36,B,cool,81,1342,266.5,784
13.47,B,cool,80,1312,265.0,788
13.58,B,cool,81,1342,259.2,792
13.68,B,cool,81,1312,249.1,796
13.78,B,cool,80,1342,221.7,800
13.89,B,cool,80,1305,184.6,804
13.99,B,cool,80,1297,77.6,808
14.09,B,cool,80,1297,76.7,812
14.19,B,cool,80,1297,79.6,816
14.3,B,cool,81,1297,82.2,820
14.4,B,cool,80,1297,86.8,824
14.51,B,cool,81,1297,102.5,828
14.61,B,cool,81,1297,125.4,832
14.72,B,cool,81,1320,144.5,836
14.82,B,cool,81,1312,259.1,840
14.92,B,cool,80,1312,262.2,840
15.03,B,cool,81,1297,255.9,844
15.13,B,cool,80,1297,230.4,848
15.23,B,cool,80,1297,203.8,852
15.34,B,cool,80,1297,137.5,856
15.44,B,cool,80,1297,75.7,860
15.54,B,cool,80,1297,77.5,864
15.64,B,cool,80,1297,83.3,868
15.75,B,cool,80,1297,91.4,872
15.85,B,cool,81,1297,103.1,876
15.95,B,cool,80,1282,123.6,880
16.06,B,cool,81,1282,160.4,884
16.16,B,cool,81,1372,267.6,888
16.26,B,cool,81,1365,268.1,888
16.37,B,cool,80,1297,258.3,892
16.47,B,cool,81,1365,251.7,896
16.57,B,cool,80,1312,237.7,900
16.68,B,cool,80,1297,214.3,904
16.78,B,cool,80,1297,154.1,908
16.88,B,cool,80,1297,153.8,912
16.99,B,cool,80,1297,75.6,916
17.1,B,cool,80,1297,78.5,920
17.2,B,cool,80,1297,81.8,924
17.3,B,cool,80,1297,87.0,928
17.41,B,cool,81,1297,95.2,932
17.51,B,cool,81,1297,109.8,936
17.62,B,cool,81,1252,120.7,940
17.72,B,cool,81,1252,154.7,944
17.83,B,cool,81,1275,213.5,948
17.93,B,cool,81,1297,263.2,948
18.03,B,cool,81,1402,270.6,952
18.14,B,cool,81,1485,269.0,956
18.26,B,cool,81,1387,266.3,960
18.36,B,cool,81,1447,262.0,964
18.46,B,cool,80,1387,248.5,968
18.57,B,cool,81,1327,228.9,972
18.67,B,cool,80,1312,77.8,976
18.77,B,cool,80,1297,83.1,980
18.87,B,cool,81,1282,145.5,984
18.98,B,cool,80,1297,254.6,984
19.08,B,cool,80,1297,187.9,988
19.19,B,cool,80,1297,74.7,992
19.29,B,cool,80,1297,83.3,996
19.4,B,cool,81,1297,144.9,1000
19.5,B,cool,81,1297,260.3,1000
19.6,B,cool,80,1297,187.0,1004
19.71,B,cool,80,1297,74.8,1008
19.81,B,cool,81,1297,86.9,1012
19.91,B,cool,81,1282,157.2,1016
20.02,B,cool,80,1372,221.9,1020
20.14,B,cool,79,1327,241.1,1020
20.24,B,cool,80,1312,74.3,1024
20.35,B,cool,80,1297,78.0,1028
20.45,B,cool,80,1297,108.5,1032
20.55,B,cool,81,1395,239.4,1036
20.66,B,cool,80,1327,240.1,1036
20.77,B,cool,80,1297,73.3,1040
20.87,B,cool,80,1297,77.7,1044
20.97,B,cool,81,1282,116.6,1048
21.08,B,cool,81,1297,242.0,1052
21.19,B,cool,79,1297,212.1,1052
21.29,B,cool,79,1297,74.0,1056
21.39,B,cool,80,1297,81.6,1060
21.5,B,cool,81,1282,133.5,1064
21.6,B,cool,80,1297,257.8,1064
21.71,B,cool,80,1297,184.7,1068
21.81,B,cool,80,1297,74.8,1072
21.91,B,cool,81,1297,91.5,1076
22.02,B,cool,81,1282,216.0,1080
22.12,B,cool,79,1297,240.1,1080
22.22,B,cool,79,1297,73.3,1084
22.32,B,cool,80,1312,78.5,1088
22.43,B,cool,80,1395,103.9,1092
22.53,B,cool,81,1380,269.3,1096
22.64,B,cool,80,1380,252.1,1096
22.75,B,cool,80,1342,76.9,1100
22.85,B,cool,80,1312,79.9,1104
22.95,B,cool,81,1297,106.8,1108
23.05,B,cool,81,1297,222.0,1112
23.16,B,cool,79,1297,241.2,1112
23.27,B,cool,80,1297,75.0,1116
23.37,B,cool,80,1297,79.6,1120
23.47,B,cool,80,1312,120.3,1124
23.58,B,cool,81,1312,263.1,1124
23.68,B,cool,80,1297,209.3,1128
23.78,B,cool,80,1297,75.9,1132
23.88,B,cool,81,1297,81.3,1136
23.99,B,cool,81,1335,119.5,1140
24.1,B,cool,81,1327,266.7,1140
24.2,B,cool,80,1327,232.6,1144
24.31,B,cool,80,1297,76.5,1148
24.41,B,cool,80,1297,79.2,1152
24.51,B,cool,81,1342,125.5,1156
24.62,B,cool,81,1342,262.8,1156
24.72,B,cool,80,1312,204.4,1160
24.82,B,cool,80,1297,77.4,1164
24.92,B,cool,81,1297,82.7,1168
25.03,B,cool,81,1297,118.2,1172
25.14,B,cool,81,1297,260.0,1172
25.24,B,cool,80,1297,125.0,1176
25.34,B,cool,80,1297,79.8,1180
25.45,B,cool,80,1282,76.1,1184
25.58,B,cool,81,1282,150.8,1188
25.68,B,cool,80,1297,209.7,1188
25.79,B,cool,80,1297,74.4,1192
25.89,B,cool,81,1297,113.6,1196
25.99,B,cool,81,1297,238.7,1196
26.09,B,cool,80,1297,73.6,1200
26.2,B,cool,80,1297,96.4,1204
26.3,B,cool,80,1297,248.7,1204
26.4,B,cool,80,1297,73.7,1208
26.51,B,cool,80,1297,85.4,1212
26.61,B,cool,80,1297,260.5,1212
26.72,B,cool,79,1297,73.9,1216
26.82,B,cool,80,1297,82.6,1220
26.92,B,cool,81,1297,263.2,1220
27.03,B,cool,79,1297,81.0,1224
27.13,B,cool,80,1297,78.4,1228
27.23,B,cool,81,1282,149.9,1232
27.34,B,cool,79,1297,201.9,1232
27.45,B,cool,80,1297,76.2,1236
27.55,B,cool,81,1297,108.8,1240
27.66,B,cool,79,1297,245.0,1240
27.76,B,cool,79,1297,75.6,1244
27.86,B,cool,81,1297,100.7,1248
27.97,B,cool,81,1297,247.7,1248
28.07,B,cool,80,1297,76.8,1252
28.17,B,cool,81,1297,88.3,1256
28.27,B,cool,81,1297,261.5,1256
28.38,B,cool,79,1297,76.2,1260
28.49,B,cool,80,1297,78.2,1264
28.59,B,cool,80,1297,242.9,1268
28.69,B,cool,79,1297,131.1,1268
28.8,B,cool,80,1297,75.5,1272
28.9,B,cool,81,1297,122.3,1276
29.01,B,cool,79,1297,229.2,1276
29.11,B,cool,80,1305,74.5,1280
29.21,B,cool,81,1297,100.2,1284
29.32,B,cool,80,1297,247.2,1284
29.42,B,cool,80,1297,73.8,1288
29.53,B,cool,80,1297,86.8,1292
29.63,B,cool,80,1297,259.6,1292
29.73,B,cool,79,1297,73.9,1296
29.84,B,cool,80,1297,82.0,1300
29.94,B,cool,81,1297,264.6,1300
30.04,B,cool,79,1297,84.8,1304
30.15,B,cool,80,1297,78.6,1308
30.25,B,cool,81,1297,193.5,1312
30.35,B,cool,79,1297,175.7,1312
30.46,B,cool,80,1297,77.0,1316
30.56,B,cool,81,1275,141.2,1320
30.66,B,cool,80,1297,215.1,1320
30.77,B,cool,80,1297,76.0,1324
30.87,B,cool,80,1297,97.5,1328
30.98,B,cool,80,1297,249.6,1328
31.08,B,cool,80,1297,75.4,1332
31.18,B,cool,80,1297,87.7,1336
31.29,B,cool,80,1297,264.8,1336
31.4,B,cool,80,1297,75.0,1340
31.5,B,cool,80,1297,78.4,1344
31.6,B,cool,81,1290,239.4,1348
31.71,B,cool,80,1297,129.7,1348
31.81,B,cool,80,1297,75.7,1352
31.91,B,cool,81,1297,140.7,1356
32.02,B,cool,80,1297,215.8,1356
32.12,B,cool,80,1297,74.2,1360
32.23,B,cool,81,1297,106.2,1364
32.33,B,cool,80,1297,258.7,1364
32.44,B,cool,80,1297,74.3,1368
32.55,B,cool,81,1297,83.5,1372
32.65,B,cool,81,1297,262.3,1372
32.75,B,cool,80,1297,74.2,1376
32.85,B,cool,80,1297,79.5,1380
32.96,B,cool,81,1297,188.5,1384
33.07,B,cool,80,1297,179.2,1384
33.17,B,cool,80,1297,78.8,1388
33.27,B,cool,81,1282,134.9,1392
33.37,B,cool,80,1297,240.7,1392
33.48,B,cool,80,1327,78.3,1396
33.59,B,cool,81,1297,95.2,1400
33.69,B,cool,81,1297,253.1,1400
33.79,B,cool,80,1297,75.5,1404
33.9,B,cool,80,1297,85.7,1408
34.0,B,cool,81,1297,264.8,1408
34.11,B,cool,80,1297,75.1,1412
34.21,B,cool,80,1297,78.7,1416
34.31,B,cool,82,1290,240.9,1420
34.42,B,cool,80,1297,75.0,1420
34.52,B,cool,80,1297,81.2,1424
34.63,B,cool,80,1297,243.6,1424
34.73,B,cool,80,1297,73.6,1428
34.84,B,cool,81,1275,154.5,1432
34.94,B,cool,80,1297,72.8,1432
35.04,B,cool,80,1297,79.2,1436
35.15,B,cool,80,1297,259.8,1436
35.25,B,cool,80,1297,74.3,1440
35.36,B,cool,81,1297,109.2,1444
35.46,B,cool,79,1297,130.7,1444
35.56,B,cool,80,1297,77.3,1448
35.67,B,cool,81,1297,265.0,1448
35.78,B,cool,80,1297,74.9,1452
35.88,B,cool,80,1297,95.8,1456
35.98,B,cool,79,1297,187.7,1456
36.08,B,cool,80,1297,77.3,1460
36.19,B,cool,81,1297,228.2,1464
36.3,B,cool,79,1297,74.8,1464
36.4,B,cool,81,1297,96.3,1468
36.5,B,cool,80,1297,188.9,1468
36.61,B,cool,80,1297,75.0,1472
36.71,B,cool,80,1297,215.6,1476
36.82,B,cool,79,1297,74.8,1476
36.92,B,cool,80,1297,95.1,1480
37.02,B,cool,79,1297,190.5,1480
37.13,B,cool,80,1297,74.8,1484
37.23,B,cool,81,1297,213.1,1488
37.34,B,cool,79,1297,72.8,1488
37.44,B,cool,81,1297,94.1,1492
37.55,B,cool,80,1297,202.4,1492
37.65,B,cool,80,1297,75.2,1496
37.76,B,cool,80,1297,213.4,1500
37.86,B,cool,79,1297,73.1,1500
37.97,B,cool,81,1297,96.3,1504
38.07,B,cool,79,1297,188.4,1504
38.17,B,cool,80,1297,76.5,1508
38.28,B,cool,81,1297,206.5,1512
38.39,B,cool,80,1297,74.0,1512
38.49,B,cool,80,1297,95.8,1516
38.59,B,cool,79,1297,189.2,1516
38.7,B,cool,80,1297,77.5,1520
38.8,B,cool,81,1297,227.7,1524
38.91,B,cool,79,1297,74.8,1524
39.01,B,cool,81,1297,95.7,1528
39.11,B,cool,79,1297,188.4,1528
39.22,B,cool,80,1297,78.5,1532
39.32,B,cool,81,1297,214.3,1536
39.43,B,cool,80,1297,74.9,1536
39.53,B,cool,80,1297,95.9,1540
39.63,B,cool,79,1297,188.0,1540
39.74,B,cool,80,1297,78.5,1544
39.84,B,cool,81,1297,214.7,1548
39.95,B,cool,79,1297,72.8,1548
40.05,B,cool,81,1297,96.1,1552
40.16,B,cool,80,1297,193.5,1552
40.26,B,cool,80,1297,77.7,1556
40.37,B,cool,81,1297,214.6,1560
40.47,B,cool,80,1297,73.2,1560
40.58,B,cool,80,1297,95.9,1564
40.68,B,cool,79,1297,187.1,1564
40.78,B,cool,80,1297,76.7,1568
40.88,B,cool,81,1297,208.0,1572
41.0,B,cool,79,1297,74.0,1572
41.1,B,cool,81,1297,95.6,1576
41.2,B,cool,79,1297,189.3,1576
41.3,B,cool,80,1297,77.8,1580
41.41,B,cool,80,1297,218.4,1584
41.52,B,cool,79,1297,74.9,1584
41.62,B,cool,81,1297,95.8,1588
41.72,B,cool,79,1297,189.2,1588
41.82,B,cool,80,1297,78.5,1592
41.93,B,cool,81,1297,211.3,1596
42.04,B,cool,80,1297,74.9,1596
42.14,B,cool,81,1297,95.6,1600
42.24,B,cool,80,1297,189.8,1600
42.35,B,cool,80,1297,78.6,1604
42.45,B,cool,81,1297,216.0,1608
42.56,B,cool,80,1297,72.9,1608
42.66,B,cool,81,1297,94.8,1612
42.77,B,cool,80,1297,195.5,1612
42.87,B,cool,80,1297,78.0,1616
42.98,B,cool,81,1297,219.8,1620
43.08,B,cool,80,1297,73.4,1620
43.19,B,cool,81,1297,97.4,1624
43.29,B,cool,80,1297,184.3,1624
43.39,B,cool,80,1297,77.0,1628
43.49,B,cool,81,1297,205.5,1632
43.61,B,cool,80,1297,74.2,1632
43.71,B,cool,81,1297,96.1,1636
43.81,B,cool,80,1297,188.4,1636
43.91,B,cool,80,1297,77.5,1640
44.02,B,cool,81,1297,231.4,1644
44.13,B,cool,80,1297,75.1,1644
44.23,B,cool,80,1297,96.0,1648
44.33,B,cool,80,1297,190.9,1648
44.44,B,cool,80,1297,78.7,1652
44.54,B,cool,81,1297,218.0,1656
44.65,B,cool,80,1297,75.1,1656
44.75,B,cool,81,1297,94.8,1660
44.85,B,cool,80,1297,191.6,1660
44.96,B,cool,80,1297,78.7,1664
45.06,B,cool,81,1297,217.4,1668
45.17,B,cool,80,1297,73.1,1668
45.27,B,cool,81,1282,162.3,1672
45.38,B,cool,80,1297,72.9,1672
45.48,B,cool,81,1297,98.0,1676
45.59,B,cool,80,1297,74.7,1676
45.69,B,cool,81,1297,82.0,1680
45.79,B,cool,79,1297,151.2,1680
45.9,B,cool,80,1297,79.1,1684
46.0,B,cool,80,1297,234.9,1684
46.1,B,cool,80,1297,75.8,1688
46.2,B,cool,81,1297,263.0,1688
46.31,B,cool,80,1297,75.1,1692
46.42,B,cool,81,1282,162.2,1696
46.52,B,cool,80,1297,74.1,1696
46.62,B,cool,80,1297,103.5,1700
46.73,B,cool,79,1297,76.1,1700
46.83,B,cool,81,1297,80.8,1704
46.94,B,cool,79,1297,156.1,1704
47.04,B,cool,80,1297,75.7,1708
47.14,B,cool,80,1297,233.5,1708
47.24,B,cool,80,1297,73.9,1712
47.35,B,cool,81,1297,261.8,1712
47.46,B,cool,80,1297,75.2,1716
47.56,B,cool,81,1282,166.1,1720
47.66,B,cool,80,1297,74.9,1720
47.77,B,cool,81,1297,104.8,1724
47.87,B,cool,80,1297,76.1,1724
47.97,B,cool,80,1297,81.2,1728
48.08,B,cool,79,1297,149.2,1728
48.18,B,cool,80,1297,75.7,1732
48.29,B,cool,80,1297,238.9,1732
48.39,B,cool,80,1297,74.5,1736
48.49,B,cool,81,1297,263.9,1736
48.6,B,cool,80,1297,74.1,1740
48.71,B,cool,81,1282,164.5,1744
48.81,B,cool,79,1297,73.4,1744
48.91,B,cool,81,1297,101.5,1748
49.02,B,cool,80,1297,72.8,1748
49.12,B,cool,80,1297,81.1,1752
49.22,B,cool,80,1297,148.4,1752
49.33,B,cool,80,1297,77.9,1756
49.43,B,cool,79,1297,233.7,1756
49.53,B,cool,80,1297,76.0,1760
49.64,B,cool,80,1297,262.5,1760
49.75,B,cool,80,1297,76.6,1764
49.85,B,cool,81,1275,149.5,1768
49.95,B,cool,80,1297,74.9,1768
50.06,B,cool,81,1297,93.8,1772
50.16,B,cool,80,1297,74.8,1772
50.27,B,cool,80,1297,80.1,1776
50.37,B,cool,80,1297,166.7,1776
50.47,B,cool,80,1297,75.4,1780
50.58,B,cool,79,1297,239.5,1780
50.68,B,cool,80,1297,74.0,1784
50.78,B,cool,80,1297,263.5,1784
50.89,B,cool,80,1297,73.1,1788
51.0,B,cool,81,1282,159.4,1792
51.1,B,cool,80,1297,72.9,1792
51.2,B,cool,81,1297,99.0,1796
51.31,B,cool,80,1297,74.8,1796
51.41,B,cool,81,1297,82.3,1800
51.51,B,cool,79,1297,157.8,1800
51.62,B,cool,80,1297,79.1,1804
51.72,B,cool,80,1297,237.0,1804
51.82,B,cool,80,1297,75.8,1808
51.93,B,cool,81,1297,241.9,1812
52.04,B,cool,80,1297,75.1,1812
52.15,B,cool,81,1282,115.8,1816
52.25,B,cool,80,1297,74.3,1816
52.36,B,cool,81,1297,86.1,1820
52.46,B,cool,80,1297,74.1,1820
52.56,B,cool,80,1297,78.1,1824
52.66,B,cool,80,1297,199.0,1824
52.77,B,cool,80,1297,75.0,1828
52.87,B,cool,80,1297,255.3,1828
52.98,B,cool,80,1297,73.5,1832
53.08,B,cool,81,1282,252.0,1836
53.19,B,cool,80,1297,75.2,1836
53.29,B,cool,81,1282,125.3,1840
53.4,B,cool,80,1297,75.1,1840
53.5,B,cool,81,1297,91.2,1844
53.6,B,cool,80,1297,76.4,1844
53.71,B,cool,80,1297,78.9,1848
53.81,B,cool,80,1297,198.6,1848
53.91,B,cool,80,1297,78.2,1852
54.02,B,cool,80,1297,254.9,1852
54.12,B,cool,80,1297,75.5,1856
54.23,B,cool,81,1297,267.1,1860
54.33,B,cool,80,1297,77.0,1860
54.43,B,cool,82,1282,137.3,1864
54.53,B,cool,80,1297,73.6,1864
54.64,B,cool,81,1297,143.4,1868
54.74,B,cool,80,1297,76.6,1868
54.85,B,cool,81,1282,156.7,1872
54.95,B,cool,80,1297,74.4,1872
55.05,B,cool,81,1282,155.7,1876
55.16,B,cool,80,1297,75.2,1876
55.26,B,cool,81,1282,153.5,1880
55.37,B,cool,80,1297,75.1,1880
55.48,B,cool,81,1282,185.0,1884
55.58,B,cool,80,1297,75.2,1884
55.68,B,cool,81,1297,179.1,1888
55.79,B,cool,80,1297,75.2,1888
55.89,B,cool,81,1282,224.5,1892
56.0,B,cool,80,1297,75.3,1892
56.1,B,cool,81,1297,193.6,1896
56.21,B,cool,80,1297,73.2,1896
56.32,B,cool,81,1297,259.1,1896
56.42,B,cool,80,1297,74.0,1900
56.52,B,cool,79,1297,224.3,1900
56.63,B,cool,80,1297,77.4,1904
56.73,B,cool,80,1297,76.2,1904
56.83,B,cool,81,1297,80.9,1908
56.94,B,cool,80,1297,74.7,1908
57.04,B,cool,81,1297,109.3,1912
57.14,B,cool,80,1297,76.4,1912
57.25,B,cool,81,1297,216.8,1916
57.35,B,cool,80,1297,75.1,1916
57.46,B,cool,79,1297,221.6,1916
57.56,B,cool,80,1297,76.4,1920
57.66,B,cool,79,1297,74.6,1920
57.77,B,cool,80,1297,83.1,1924
57.87,B,cool,80,1297,76.1,1924
57.97,B,cool,80,1297,104.4,1928
58.08,B,cool,80,1297,74.8,1928
58.18,B,cool,81,1297,265.6,1932
58.28,B,cool,80,1297,76.6,1932
58.39,B,cool,79,1297,252.6,1932
58.5,B,cool,80,1297,73.4,1936
58.6,B,cool,79,1297,158.8,1936
58.7,B,cool,80,1297,77.1,1940
58.81,B,cool,79,1297,75.3,1940
58.91,B,cool,80,1297,85.2,1944
59.01,B,cool,79,1297,74.7,1944
59.12,B,cool,81,1297,134.2,1948
59.22,B,cool,80,1297,76.2,1948
59.33,B,cool,81,1297,262.7,1948
59.43,B,cool,80,1297,73.6,1952
59.54,B,cool,80,1297,232.0,1952
59.64,B,cool,80,1297,75.7,1956
59.74,B,cool,79,1297,74.6,1956
59.84,B,cool,80,1297,79.9,1960
59.95,B,cool,79,1297,74.7,1960
60.05,B,cool,81,1297,105.1,1964
60.15,B,cool,80,1297,76.2,1964
60.26,B,cool,81,1297,202.3,1968
60.36,B,cool,80,1297,74.3,1968
60.47,B,cool,81,1297,250.9,1968
60.57,B,cool,80,1297,75.5,1972
60.67,B,cool,80,1297,149.1,1972
60.78,B,cool,80,1297,75.6,1976
60.88,B,cool,79,1297,72.7,1976
60.98,B,cool,80,1297,85.4,1980
61.09,B,cool,79,1297,74.0,1980
61.19,B,cool,81,1267,151.1,1984
61.29,B,cool,80,1297,74.9,1984
61.4,B,cool,81,1297,264.5,1984
61.51,B,cool,80,1297,75.1,1988
61.61,B,cool,80,1297,223.3,1988
61.71,B,cool,80,1297,74.3,1992
61.82,B,cool,79,1297,73.1,1992
61.92,B,cool,80,1297,78.6,1996
62.02,B,cool,79,1297,74.6,1996
62.13,B,cool,81,1297,99.3,2000
62.23,B,cool,79,1297,74.7,2000
62.34,B,cool,81,1290,234.2,2004
62.44,B,cool,80,1297,73.3,2004
62.54,B,cool,80,1297,258.5,2004
62.65,B,cool,80,1297,75.1,2008
62.76,B,cool,79,1297,187.5,2008
62.86,B,cool,80,1297,76.9,2012
62.96,B,cool,79,1297,74.7,2012
63.06,B,cool,81,1297,82.0,2016
63.17,B,cool,79,1297,72.8,2016
63.27,B,cool,81,1297,124.0,2020
63.38,B,cool,79,1297,75.6,2020
63.48,B,cool,80,1297,262.7,2020
63.58,B,cool,80,1297,75.2,2024
63.68,B,cool,79,1297,224.0,2024
63.79,B,cool,80,1297,76.3,2028
63.89,B,cool,79,1297,74.6,2028
63.99,B,cool,81,1297,80.5,2032
64.1,B,cool,79,1297,73.1,2032
64.2,B,cool,81,1297,112.9,2036
64.3,B,cool,80,1297,74.9,2036
64.41,B,cool,81,1297,264.1,2036
64.51,B,cool,80,1297,75.2,2040
64.61,B,cool,80,1297,239.9,2040
64.72,B,cool,80,1297,74.0,2044
64.82,B,cool,79,1297,73.3,2044
64.92,B,cool,80,1297,78.2,2048
65.03,B,cool,79,1297,74.7,2048
65.13,B,cool,81,1297,101.9,2052
65.23,B,cool,79,1297,74.8,2052
65.34,B,cool,81,1297,185.5,2056
65.45,B,cool,80,1297,73.1,2056
65.55,B,cool,80,1297,254.0,2056
65.65,B,cool,80,1297,74.4,2060
65.75,B,cool,79,1297,181.3,2060
65.86,B,cool,80,1297,76.8,2064
65.96,B,cool,79,1297,74.7,2064
66.07,B,cool,80,1297,83.8,2068
66.17,B,cool,79,1297,72.8,2068
66.27,B,cool,81,1267,135.3,2072
66.37,B,cool,80,1297,73.4,2072
66.48,B,cool,80,1297,264.9,2072
66.59,B,cool,80,1297,75.2,2076
66.69,B,cool,80,1297,223.0,2076
66.79,B,cool,80,1297,74.3,2080
66.9,B,cool,79,1297,72.8,2080
67.0,B,cool,80,1297,78.3,2084
67.11,B,cool,79,1297,73.2,2084
67.21,B,cool,81,1297,98.2,2088
67.31,B,cool,80,1297,74.9,2088
67.42,B,cool,81,1290,235.7,2092
67.52,B,cool,80,1297,75.1,2092
67.62,B,cool,81,1297,255.6,2092
67.73,B,cool,80,1297,73.4,2096
67.84,B,cool,79,1297,183.5,2096
67.94,B,cool,80,1297,75.2,2100
68.04,B,cool,79,1297,74.1,2100
68.14,B,cool,81,1297,83.5,2104
68.25,B,cool,80,1297,74.9,2104
68.36,B,cool,81,1297,122.8,2108
68.46,B,cool,80,1297,76.5,2108
68.56,B,cool,81,1297,263.2,2108
68.66,B,cool,80,1297,73.6,2112
68.77,B,cool,80,1297,244.5,2112
68.88,B,cool,80,1297,75.7,2116
68.98,B,cool,80,1297,74.8,2116
69.08,B,cool,81,1297,77.6,2120
69.19,B,cool,80,1297,72.9,2120
69.29,B,cool,81,1297,97.3,2124
69.39,B,cool,80,1297,73.5,2124
69.5,B,cool,81,1297,210.0,2128
69.6,B,cool,80,1297,75.1,2128
69.7,B,cool,80,1297,249.0,2128
69.81,B,cool,80,1297,75.7,2132
69.91,B,cool,79,1297,134.8,2132
70.01,B,cool,80,1297,75.7,2136
70.12,B,cool,80,1297,72.9,2136
70.22,B,cool,81,1297,86.8,2140
70.32,B,cool,80,1297,74.3,2140
70.43,B,cool,81,1275,155.3,2144
70.53,B,cool,80,1297,75.1,2144
70.63,B,cool,81,1297,259.4,2144
70.74,B,cool,80,1297,73.5,2148
70.84,B,cool,79,1297,196.7,2148
70.95,B,cool,80,1297,75.1,2152
71.05,B,cool,80,1297,74.1,2152
71.15,B,cool,81,1297,82.9,2156
71.25,B,cool,80,1297,74.9,2156
71.36,B,cool,81,1282,132.4,2160
71.46,B,cool,80,1297,73.1,2160
71.57,B,cool,81,1297,265.1,2160
71.67,B,cool,80,1297,73.5,2164
71.78,B,cool,80,1297,73.3,2164
71.88,B,cool,80,1297,79.4,2168
71.98,B,cool,80,1297,75.0,2168
72.09,B,cool,81,1282,156.4,2172
72.19,B,cool,80,1297,73.6,2172
72.3,B,cool,80,1297,213.8,2172
72.4,B,cool,80,1297,76.6,2176
72.5,B,cool,80,1297,74.9,2176
72.6,B,cool,81,1297,103.8,2180
72.71,B,cool,80,1297,73.5,2180
72.81,B,cool,81,1297,255.7,2180
72.92,B,cool,80,1297,75.7,2184
73.02,B,cool,80,1297,74.7,2184
73.12,B,cool,81,1297,81.7,2188
73.23,B,cool,80,1297,73.5,2188
73.33,B,cool,81,1297,208.4,2192
73.44,B,cool,80,1297,75.9,2192
73.54,B,cool,79,1297,75.5,2192
73.65,B,cool,80,1297,77.9,2196
73.75,B,cool,80,1297,74.1,2196
73.85,B,cool,81,1282,157.1,2200
73.96,B,cool,80,1297,75.2,2200
74.06,B,cool,80,1297,215.2,2200
74.17,B,cool,80,1297,74.7,2204
74.27,B,cool,80,1297,74.1,2204
74.37,B,cool,81,1297,104.6,2208
74.47,B,cool,80,1297,74.9,2208
74.58,B,cool,81,1297,261.6,2208
74.69,B,cool,80,1297,74.1,2212
74.79,B,cool,79,1297,74.1,2212
74.89,B,cool,81,1297,81.4,2216
75.0,B,cool,80,1297,75.0,2216
75.1,B,cool,81,1297,181.4,2220
75.21,B,cool,80,1297,74.4,2220
75.31,B,cool,80,1297,200.6,2220
75.42,B,cool,80,1297,77.0,2224
75.52,B,cool,80,1297,74.9,2224
75.63,B,cool,81,1297,97.2,2228
75.73,B,cool,80,1297,74.3,2228
75.84,B,cool,81,1297,255.4,2228
75.94,B,cool,80,1297,75.7,2232
76.04,B,cool,80,1297,74.8,2232
76.15,B,cool,81,1297,80.3,2236
76.25,B,cool,80,1297,74.2,2236
76.36,B,cool,81,1282,236.2,2240
76.46,B,cool,80,1297,75.3,2240
76.56,B,cool,80,1297,155.8,2240
76.67,B,cool,80,1297,75.8,2244
76.77,B,cool,80,1297,74.2,2244
76.88,B,cool,81,1290,227.5,2248
76.98,B,cool,80,1297,73.2,2248
77.09,B,cool,79,1297,72.8,2248
77.2,B,cool,81,1297,80.7,2252
77.3,B,cool,80,1297,75.7,2252
77.4,B,cool,80,1297,252.6,2252
77.5,B,cool,80,1297,74.5,2256
77.61,B,cool,80,1297,74.0,2256
77.71,B,cool,81,1252,113.4,2260
77.82,B,cool,80,1297,73.0,2260
77.92,B,cool,79,1297,162.0,2260
78.02,B,cool,80,1297,78.3,2264
78.13,B,cool,80,1297,75.6,2264
78.23,B,cool,81,1297,263.3,2264
78.33,B,cool,80,1297,75.1,2268
78.44,B,cool,79,1297,74.7,2268
78.54,B,cool,81,1297,86.6,2272
78.65,B,cool,79,1297,73.5,2272
78.75,B,cool,79,1297,220.3,2272
78.85,B,cool,80,1297,74.5,2276
78.95,B,cool,79,1297,72.8,2276
79.06,B,cool,81,1282,159.7,2280
79.16,B,cool,80,1297,75.8,2280
79.27,B,cool,79,1297,75.4,2280
79.37,B,cool,80,1297,79.5,2284
79.47,B,cool,80,1297,74.1,2284
79.58,B,cool,81,1297,253.6,2284
79.68,B,cool,80,1297,73.6,2288
79.78,B,cool,79,1297,72.8,2288
79.89,B,cool,81,1297,99.6,2292
79.99,B,cool,80,1297,75.7,2292
80.1,B,cool,79,1297,194.4,2292
80.2,B,cool,80,1297,74.9,2296
80.3,B,cool,80,1297,74.1,2296
80.41,B,cool,81,1297,168.1,2300
80.52,B,cool,80,1297,73.1,2300
80.62,B,cool,79,1297,72.7,2300
80.72,B,cool,80,1297,80.9,2304
80.83,B,cool,80,1297,75.5,2304
80.93,B,cool,80,1297,260.5,2304
81.04,B,cool,80,1297,75.3,2308
81.14,B,cool,80,1297,74.7,2308
81.24,B,cool,81,1297,101.0,2312
81.35,B,cool,80,1297,73.5,2312
81.45,B,cool,79,1297,182.6,2312
81.55,B,cool,80,1297,78.2,2316
81.66,B,cool,80,1297,75.7,2316
81.76,B,cool,81,1297,217.6,2320
81.87,B,cool,80,1297,75.3,2320
81.97,B,cool,79,1297,74.8,2320
82.07,B,cool,81,1297,92.2,2324
82.18,B,cool,80,1297,74.2,2324
82.28,B,cool,80,1297,214.8,2324
82.38,B,cool,80,1297,74.3,2328
82.49,B,cool,79,1297,72.8,2328
82.59,B,cool,81,1297,174.4,2332
82.69,B,cool,80,1297,75.2,2332
82.8,B,cool,79,1297,74.8,2332
82.9,B,cool,80,1297,79.6,2336
83.0,B,cool,80,1297,74.1,2336
83.11,B,cool,81,1297,244.1,2336
83.21,B,cool,80,1297,73.7,2340
83.32,B,cool,79,1297,72.9,2340
83.42,B,cool,81,1297,108.0,2344
83.53,B,cool,80,1297,75.1,2344
83.63,B,cool,79,1297,112.5,2344
83.73,B,cool,80,1297,79.8,2348
83.84,B,cool,80,1297,76.4,2348
83.94,B,cool,80,1297,261.8,2348
84.04,B,cool,80,1297,73.4,2352
84.14,B,cool,80,1297,72.9,2352
84.25,B,cool,81,1297,94.6,2356
84.35,B,cool,80,1297,75.0,2356
84.45,B,cool,80,1297,207.6,2356
84.56,B,cool,80,1297,74.8,2360
84.66,B,cool,80,1297,74.2,2360
84.76,B,cool,81,1297,266.3,2364
84.86,B,cool,80,1297,76.8,2364
84.97,B,cool,80,1297,76.3,2364
85.07,B,cool,81,1297,85.9,2368
85.17,B,cool,80,1297,75.1,2368
85.28,B,cool,80,1297,237.3,2368
85.38,B,cool,80,1297,74.3,2372
85.48,B,cool,80,1297,74.3,2372
85.59,B,cool,81,1290,125.4,2376
85.69,B,cool,80,1297,73.1,2376
85.8,B,cool,79,1297,113.7,2376
85.9,B,cool,80,1297,77.7,2380
86.01,B,cool,80,1297,75.0,2380
86.11,B,cool,81,1297,260.6,2380
86.21,B,cool,80,1297,77.0,2384
86.32,B,cool,80,1297,76.2,2384
86.42,B,cool,81,1297,92.0,2388
86.52,B,cool,80,1297,73.1,2388
86.63,B,cool,80,1297,218.0,2388
86.73,B,cool,80,1297,76.0,2392
86.83,B,cool,80,1297,75.0,2392
86.94,B,cool,81,1267,186.5,2396
87.04,B,cool,80,1297,73.8,2396
87.14,B,cool,80,1297,73.4,2396
87.25,B,cool,81,1297,82.7,2400
87.35,B,cool,80,1297,73.0,2400
87.46,B,cool,81,1297,254.5,2400
87.56,B,cool,80,1297,75.6,2404
87.67,B,cool,80,1297,74.9,2404
87.77,B,cool,81,1282,190.8,2408
87.88,B,cool,80,1297,74.5,2408
87.98,B,cool,80,1297,74.2,2408
88.08,B,cool,81,1297,120.2,2412
88.18,B,cool,80,1297,76.5,2412
88.29,B,cool,80,1297,76.3,2412
88.39,B,cool,81,1297,88.6,2416
88.49,B,cool,80,1297,76.6,2416
88.6,B,cool,80,1297,117.6,2416
88.7,B,cool,80,1297,76.9,2420
88.8,B,cool,80,1297,73.0,2420
88.91,B,cool,79,1297,232.6,2420
89.01,B,cool,80,1297,76.3,2424
89.11,B,cool,80,1297,75.0,2424
89.22,B,cool,81,1297,262.7,2424
89.32,B,cool,80,1297,77.0,2428
89.43,B,cool,80,1297,76.3,2428
89.53,B,cool,81,1282,136.9,2432
89.64,B,cool,80,1297,75.2,2432
89.74,B,cool,80,1297,74.9,2432
89.84,B,cool,81,1297,89.8,2436
89.95,B,cool,80,1297,74.4,2436
90.05,B,cool,80,1297,74.1,2436
90.15,B,cool,80,1297,78.1,2440
90.26,B,cool,80,1297,73.5,2440
90.36,B,cool,80,1297,216.1,2440
90.46,B,cool,80,1297,74.8,2444
90.56,B,cool,80,1297,73.0,2444
90.67,B,cool,80,1297,259.9,2444
90.78,B,cool,80,1297,75.6,2448
90.88,B,cool,80,1297,74.8,2448
90.98,B,cool,81,1275,135.7,2452
91.09,B,cool,80,1297,75.2,2452
91.19,B,cool,79,1297,74.7,2452
91.3,B,cool,81,1297,89.8,2456
91.4,B,cool,80,1297,75.1,2456
91.5,B,cool,79,1297,74.8,2456
91.61,B,cool,81,1297,78.3,2460
91.71,B,cool,80,1297,74.3,2460
91.81,B,cool,80,1297,212.9,2460
91.91,B,cool,80,1297,74.9,2464
92.02,B,cool,80,1297,73.5,2464
92.12,B,cool,81,1297,258.3,2464
92.23,B,cool,80,1297,73.7,2468
92.33,B,cool,80,1297,73.1,2468
92.43,B,cool,81,1282,209.9,2472
92.54,B,cool,80,1297,73.2,2472
92.64,B,cool,80,1297,72.9,2472
92.75,B,cool,81,1297,95.9,2476
92.86,B,cool,80,1297,73.0,2476
92.96,B,cool,79,1297,72.9,2476
93.06,B,cool,80,1297,80.0,2480
93.17,B,cool,80,1297,75.7,2480
93.27,B,cool,80,1297,215.6,2480
93.38,B,cool,80,1297,76.8,2484
93.48,B,cool,80,1297,75.0,2484
93.58,B,cool,80,1297,260.3,2484
93.69,B,cool,80,1297,75.6,2488
93.79,B,cool,80,1297,75.0,2488
93.89,B,cool,81,1297,204.6,2492
94.0,B,cool,80,1297,75.3,2492
94.1,B,cool,80,1297,74.9,2492
94.2,B,cool,81,1297,107.4,2496
94.31,B,cool,80,1297,75.1,2496
94.41,B,cool,80,1297,74.8,2496
94.51,B,cool,81,1297,80.6,2500
94.62,B,cool,80,1297,74.4,2500
94.72,A,precool,80,1297,74.2,2500
94.82,A,precool,79,1297,73.9,2500
94.93,A,precool,79,1297,73.9,2500
95.03,A,precool,79,1297,73.7,2500
95.14,A,precool,79,1297,73.6,2500
95.24,A,precool,79,1297,73.6,2500
95.34,A,precool,79,1297,73.3,2500
95.44,A,precool,79,1297,73.4,2500
95.55,A,precool,79,1297,73.3,2500
95.65,A,precool,78,1297,73.3,2500
95.75,A,precool,78,1297,73.1,2500
95.86,A,precool,78,1297,73.1,2500
95.96,A,precool,78,1297,73.1,2500
96.06,A,precool,78,1297,73.0,2500
96.17,A,precool,78,1297,72.9,2500
96.27,A,precool,78,1297,72.9,2500
96.37,A,precool,78,1297,72.8,2500
96.48,A,precool,78,1297,72.8,2500
96.58,A,precool,78,1297,72.7,2500
96.68,A,precool,78,1297,72.6,2500
96.79,A,precool,78,1297,72.5,2500
96.89,A,precool,77,1297,72.5,2500
96.99,A,precool,77,1297,72.4,2500
97.1,A,precool,77,1297,72.4,2500
97.2,A,precool,77,1297,72.4,2500
97.3,A,precool,77,1297,72.4,2500
97.41,A,precool,77,1297,72.2,2500
97.51,A,precool,77,1297,72.2,2500
97.61,A,precool,77,1297,72.1,2500
97.71,A,precool,77,1297,72.2,2500
97.82,A,precool,77,1297,72.1,2500
97.92,A,precool,77,1297,72.1,2500
98.02,A,precool,77,1297,71.9,2500
98.13,A,precool,77,1297,71.9,2500
98.23,A,precool,77,1297,71.9,2500
98.33,A,precool,77,1297,71.9,2500
98.44,A,precool,77,1297,71.9,2500
98.54,A,precool,77,1297,71.9,2500
98.64,A,precool,77,1297,71.9,2500
98.75,A,precool,77,1297,71.8,2500
98.85,A,precool,77,1297,71.8,2500
98.95,A,precool,77,1297,71.7,2500
99.05,A,precool,76,1297,71.7,2500
99.16,A,precool,76,1297,70.6,2500
99.26,A,precool,76,1297,70.5,2500
99.36,A,precool,76,1297,70.4,2500
99.47,A,precool,76,1297,70.4,2500
99.57,A,precool,76,1297,70.4,2500
99.68,A,precool,76,1297,70.4,2500
99.78,A,precool,76,1297,70.3,2500
99.88,A,precool,76,1297,70.2,2500
99.98,A,precool,76,1297,70.1,2500
100.09,A,precool,76,1297,70.1,2500
100.19,A,precool,76,1297,70.1,2500
100.29,A,precool,76,1297,70.1,2500
100.4,A,precool,76,1297,70.1,2500
100.5,A,precool,76,1297,70.0,2500
100.6,A,precool,76,1297,70.0,2500
100.71,A,precool,76,1297,70.0,2500
100.85,A,precool,76,1297,70.0,2500
100.95,A,precool,76,1297,69.9,2500
101.05,A,precool,76,1297,69.9,2500
101.16,A,precool,76,1297,70.0,2500
101.26,A,precool,76,1297,69.9,2500
101.37,A,precool,76,1297,69.9,2500
101.47,A,precool,76,1297,69.9,2500
101.57,A,precool,76,1297,69.8,2500
101.67,A,precool,76,1297,69.8,2500
101.78,A,precool,75,1297,69.8,2500
101.88,A,precool,75,1297,69.8,2500
101.99,A,precool,75,1297,69.8,2500
102.09,A,precool,75,1297,69.8,2500
102.19,A,precool,75,1297,69.6,2500
102.3,A,precool,75,1297,69.5,2500
102.4,A,precool,75,1297,69.6,2500
102.5,A,precool,75,1297,69.5,2500
102.6,A,precool,75,1297,69.5,2500
102.71,A,precool,75,1297,69.5,2500
102.81,A,precool,75,1297,69.6,2500
102.92,A,precool,75,1297,69.5,2500
103.02,A,precool,75,1297,69.5,2500
103.12,A,precool,75,1297,69.5,2500
103.22,A,precool,75,1297,69.4,2500
103.33,A,precool,75,1297,69.5,2500
103.43,A,precool,75,1297,69.4,2500
103.53,A,precool,75,1297,69.4,2500
103.64,A,precool,75,1297,69.4,2500
103.74,A,precool,75,1297,69.3,2500
103.84,A,precool,75,1297,69.4,2500
103.95,A,precool,75,1297,69.3,2500
104.05,A,precool,75,1297,69.4,2500
104.15,A,precool,75,1297,69.3,2500
104.26,A,precool,75,1297,69.2,2500
104.36,A,precool,75,1297,69.3,2500
104.46,A,precool,75,1297,69.2,2500
104.56,A,precool,75,1297,69.2,2500
104.67,A,precool,75,1297,69.2,2500
104.77,A,precool,75,1297,69.2,2500
104.87,A,precool,75,1297,69.2,2500
104.98,A,precool,75,1297,69.2,2500
105.08,A,precool,75,1297,69.2,2500
105.18,A,precool,75,1297,69.2,2500
105.29,A,precool,75,1297,69.2,2500
105.39,A,precool,75,1297,69.2,2500
105.49,A,precool,75,1297,69.0,2500
105.6,A,precool,75,1297,69.1,2500
105.7,A,precool,75,1297,69.1,2500
105.8,A,precool,75,1297,68.9,2500
105.9,A,precool,75,1297,69.1,2500
106.01,A,precool,75,1297,69.1,2500
106.11,A,precool,75,1297,69.0,2500
106.21,A,precool,75,1297,68.9,2500
106.32,A,precool,75,1297,68.9,2500
106.42,A,precool,75,1297,68.9,2500
106.52,A,precool,74,1297,68.9,2500
106.63,A,precool,74,1297,68.9,2500
106.73,A,precool,74,1297,69.0,2500
106.83,A,precool,74,1297,69.0,2500
106.93,A,precool,74,1297,69.0,2500
107.04,A,precool,74,1297,69.0,2500
107.14,A,precool,74,1297,68.9,2500
107.24,A,precool,74,1297,68.8,2500
107.35,A,precool,74,1297,68.8,2500
107.45,A,precool,74,1297,68.8,2500
107.55,A,precool,74,1297,68.8,2500
107.66,A,precool,74,1297,68.8,2500
107.76,A,precool,74,1297,68.8,2500
107.86,A,precool,74,1297,68.8,2500
107.97,A,precool,74,1297,68.8,2500
108.07,A,precool,74,1297,68.8,2500
108.17,A,precool,74,1297,68.7,2500
108.27,A,precool,74,1297,68.8,2500
108.38,A,precool,74,1297,68.8,2500
108.48,A,precool,74,1297,68.8,2500
108.58,A,precool,74,1297,68.7,2500
108.69,A,precool,74,1297,68.7,2500
108.79,A,precool,74,1297,68.8,2500
108.89,A,precool,74,1297,68.6,2500
109.0,A,precool,74,1297,68.6,2500
109.1,A,precool,74,1297,68.7,2500
109.21,A,precool,74,1297,68.7,2500
109.31,A,precool,74,1297,68.6,2500
109.41,A,precool,74,1297,68.6,2500
109.52,A,precool,74,1297,68.6,2500
109.62,A,precool,74,1297,68.6,2500
109.72,A,precool,74,1297,68.6,2500
109.83,A,precool,74,1297,68.6,2500
109.93,A,precool,74,1297,68.6,2500
110.03,A,precool,74,1297,68.6,2500
110.13,A,precool,74,1297,68.6,2500
110.24,A,precool,74,1297,68.6,2500
110.34,A,precool,74,1297,68.5,2500
110.44,A,precool,74,1297,68.6,2500
110.55,A,precool,74,1297,68.6,2500
110.65,A,precool,74,1297,68.6,2500
110.75,A,precool,74,1297,68.6,2500
110.86,A,precool,74,1297,68.5,2500
110.96,A,precool,74,1297,68.5,2500
111.06,A,precool,74,1297,68.5,2500
111.16,A,precool,74,1297,68.5,2500
111.27,A,precool,74,1297,68.5,2500
111.37,A,precool,74,1297,68.5,2500
111.47,A,precool,74,1297,68.5,2500
111.58,A,precool,74,1297,68.5,2500
111.68,A,precool,74,1297,68.4,2500
111.78,A,precool,74,1297,68.5,2500
111.89,A,precool,74,1297,68.5,2500
111.99,A,precool,74,1297,68.5,2500
112.09,A,precool,74,1297,68.4,2500
112.2,A,precool,74,1297,68.4,2500
112.3,A,precool,74,1297,68.4,2500
112.4,A,precool,74,1297,68.3,2500
112.51,A,precool,74,1297,68.4,2500
112.61,A,precool,74,1297,68.4,2500
112.71,A,precool,74,1297,68.4,2500
112.82,A,precool,74,1297,68.5,2500
112.92,A,precool,74,1297,68.4,2500
113.02,A,precool,74,1297,68.4,2500
113.12,A,precool,74,1297,68.3,2500
113.23,A,precool,74,1297,68.4,2500
113.33,A,precool,74,1297,68.4,2500
113.43,A,precool,74,1297,68.2,2500
113.54,A,precool,74,1297,68.4,2500
113.64,A,precool,74,1297,68.3,2500
113.74,A,precool,74,1297,68.3,2500
113.85,A,precool,74,1297,68.3,2500
113.95,A,precool,74,1297,68.3,2500
114.06,A,precool,73,1297,68.4,2500
114.16,A,precool,73,1297,68.3,2500
114.26,A,precool,73,1297,68.2,2500
114.37,A,precool,73,1297,68.3,2500
114.47,A,precool,74,1297,68.3,2500
114.57,A,precool,73,1297,68.3,2500
114.67,A,precool,73,1297,68.3,2500
114.78,A,precool,74,1297,68.3,2500
114.88,A,precool,73,1297,68.3,2500
114.98,A,precool,73,1297,68.3,2500
115.09,A,precool,73,1297,68.3,2500
115.19,A,precool,73,1297,68.3,2500
115.29,A,precool,73,1297,68.2,2500
115.4,A,precool,73,1297,68.3,2500
115.5,A,precool,73,1297,68.3,2500
115.6,A,precool,73,1297,68.2,2500
115.71,A,precool,73,1297,68.2,2500
115.81,A,precool,73,1297,68.2,2500
115.92,A,precool,73,1297,68.2,2500
116.02,A,precool,73,1297,68.3,2500
116.12,A,precool,73,1297,68.1,2500
116.23,A,precool,73,1297,68.1,2500
116.33,A,precool,73,1297,68.1,2500
116.43,A,precool,73,1297,68.1,2500
116.53,A,precool,73,1297,68.1,2500
116.64,A,precool,73,1297,68.1,2500
116.74,A,precool,73,1297,68.1,2500
116.85,A,precool,73,1297,68.1,2500
116.95,A,precool,73,1297,68.2,2500
117.05,A,precool,73,1297,68.2,2500
117.15,A,precool,73,1297,68.1,2500
117.26,A,precool,73,1297,68.0,2500
117.36,A,precool,73,1297,68.0,2500
117.46,A,precool,73,1297,68.1,2500
117.57,A,precool,73,1297,68.1,2500
117.67,A,precool,73,1297,68.0,2500
117.77,A,precool,73,1297,68.1,2500
117.88,A,precool,73,1297,68.1,2500
117.98,A,precool,73,1297,68.1,2500
118.08,A,precool,73,1297,68.1,2500
118.19,A,precool,73,1297,68.1,2500
118.29,A,precool,73,1297,68.1,2500
118.39,A,precool,73,1297,68.0,2500
118.49,A,precool,73,1297,68.1,2500
118.6,A,precool,73,1297,68.1,2500
118.7,A,precool,73,1297,68.1,2500
118.8,A,precool,73,1297,68.1,2500
118.91,A,precool,73,1297,68.1,2500
119.01,A,precool,73,1297,68.1,2500
119.11,A,precool,73,1297,68.1,2500
119.22,A,precool,73,1297,68.1,2500
119.32,A,precool,73,1297,68.1,2500
119.42,A,precool,73,1297,68.1,2500
119.53,A,precool,73,1297,68.0,2500
119.63,A,precool,73,1297,68.0,2500
119.73,A,precool,73,1297,68.1,2500
119.84,A,precool,73,1297,68.0,2500
119.94,A,precool,73,1297,67.9,2500
120.04,A,precool,73,1297,68.0,2500
120.15,A,precool,73,1297,68.0,2500
120.25,A,precool,73,1297,68.1,2500
120.35,A,precool,73,1297,67.9,2500
120.46,A,precool,73,1297,67.9,2500
120.56,A,precool,73,1297,67.8,2500
120.66,A,precool,73,1297,68.0,2500
120.77,A,precool,73,1297,68.0,2500
120.87,A,precool,73,1297,67.9,2500
120.97,A,precool,73,1297,68.0,2500
121.08,A,precool,73,1297,67.9,2500
121.18,A,precool,73,1297,67.9,2500
121.28,A,precool,73,1297,67.9,2500
121.39,A,precool,73,1297,68.0,2500
121.49,A,precool,73,1297,67.9,2500
121.59,A,precool,73,1297,67.9,2500
121.7,A,precool,73,1297,67.9,2500
121.8,A,precool,73,1297,67.9,2500
121.9,A,precool,73,1297,67.9,2500
122.01,A,precool,73,1297,67.9,2500
122.11,A,precool,73,1297,67.8,2500
122.21,A,precool,73,1297,67.8,2500
122.32,A,precool,73,1297,67.9,2500
122.42,A,precool,73,1297,67.9,2500
122.52,A,precool,73,1297,67.8,2500
122.62,A,precool,73,1297,67.8,2500
122.73,A,precool,73,1297,67.9,2500
122.83,A,precool,73,1297,67.9,2500
122.93,A,precool,73,1297,67.8,2500
123.04,A,precool,73,1297,67.8,2500
123.14,A,precool,73,1297,67.8,2500
123.24,A,precool,73,1297,67.9,2500
123.35,A,precool,73,1297,67.8,2500
123.45,A,precool,73,1297,67.9,2500
123.55,A,precool,73,1297,67.8,2500
123.66,A,precool,73,1297,67.8,2500
123.76,A,precool,73,1297,67.8,2500
123.86,A,precool,73,1297,67.9,2500
123.96,A,precool,73,1297,67.8,2500
124.07,A,precool,73,1297,67.7,2500
124.17,A,precool,73,1297,67.7,2500
124.27,A,precool,73,1297,67.8,2500
124.38,A,precool,73,1297,67.8,2500
124.48,A,precool,73,1297,67.7,2500
124.58,A,precool,73,1297,67.7,2500
124.69,A,precool,73,1297,67.7,2500
124.79,A,precool,73,1297,67.7,2500
124.89,A,precool,73,1297,67.7,2500
125.0,A,precool,73,1297,67.7,2500
125.1,A,precool,73,1297,67.7,2500
125.2,A,precool,73,1297,67.7,2500
125.31,A,precool,73,1297,67.8,2500
125.41,A,precool,73,1297,67.7,2500
125.51,A,precool,73,1297,67.6,2500
125.61,A,precool,73,1297,67.8,2500
125.72,A,precool,73,1297,67.7,2500
125.82,A,precool,73,1297,67.7,2500
125.92,A,precool,73,1297,67.7,2500
126.03,A,precool,73,1297,67.7,2500
126.13,A,precool,73,1297,67.7,2500
126.24,A,precool,73,1297,67.6,2500
126.34,A,precool,73,1297,67.7,2500
126.44,A,precool,73,1297,67.7,2500
126.55,A,precool,73,1297,67.7,2500
126.65,A,precool,73,1297,67.7,2500
126.75,A,precool,73,1297,67.7,2500
126.86,A,precool,73,1297,67.7,2500
126.96,A,precool,73,1297,67.7,2500
127.06,A,precool,73,1297,67.7,2500
127.17,A,precool,73,1297,67.7,2500
127.27,A,precool,73,1297,67.7,2500
127.37,A,precool,73,1297,67.7,2500
127.48,A,precool,73,1297,67.7,2500
127.58,A,precool,73,1297,67.7,2500
127.68,A,precool,73,1297,67.7,2500
127.79,A,precool,73,1297,67.7,2500
127.89,A,precool,73,1297,67.6,2500
127.99,A,precool,73,1297,67.6,2500
128.1,A,precool,73,1297,67.6,2500
128.2,A,precool,73,1297,67.7,2500
128.3,A,precool,73,1297,67.7,2500
128.4,A,precool,72,1297,67.7,2500
128.51,A,precool,73,1297,67.5,2500
128.61,A,precool,73,1297,67.6,2500
128.72,A,precool,73,1297,67.6,2500
128.82,A,precool,73,1297,67.6,2500
128.92,A,precool,72,1297,67.6,2500
129.02,A,precool,73,1297,67.5,2500
129.13,A,precool,73,1297,67.6,2500
129.23,A,precool,73,1297,67.5,2500
129.33,A,precool,73,1297,67.6,2500
129.44,A,precool,73,1297,67.5,2500
129.54,A,precool,73,1297,67.5,2500
129.64,A,precool,72,1297,67.6,2500
129.75,A,precool,73,1297,67.5,2500
129.85,A,precool,72,1297,67.5,2500
129.96,A,precool,72,1297,67.6,2500
130.06,A,precool,72,1297,67.5,2500
130.16,A,precool,72,1297,67.5,2500
130.27,A,precool,72,1297,67.5,2500
130.37,A,precool,72,1297,67.5,2500
130.47,A,precool,72,1297,67.5,2500
130.58,A,precool,73,1297,67.5,2500
130.68,A,precool,72,1297,67.5,2500
130.78,A,precool,72,1297,67.5,2500
130.88,A,precool,72,1297,67.5,2500
130.99,A,precool,72,1297,67.5,2500
131.09,A,precool,72,1297,67.5,2500
131.19,A,precool,72,1297,67.5,2500
131.3,A,precool,72,1297,67.5,2500
131.4,A,precool,73,1297,67.5,2500
131.5,A,precool,72,1297,67.5,2500
131.61,A,precool,72,1297,67.5,2500
131.71,A,precool,72,1297,67.5,2500
131.81,A,precool,72,1297,67.5,2500
131.91,A,precool,72,1297,67.5,2500
132.02,A,precool,72,1297,67.5,2500
132.12,A,precool,72,1297,67.5,2500
132.22,A,precool,72,1297,67.5,2500
132.33,A,precool,72,1297,67.5,2500
132.43,A,precool,72,1297,67.5,2500
132.53,A,precool,72,1297,67.5,2500
132.64,A,precool,72,1297,67.5,2500
132.74,A,precool,72,1297,67.5,2500
132.85,A,precool,72,1297,67.5,2500
132.95,A,precool,72,1297,67.5,2500
133.05,A,precool,72,1297,67.5,2500
133.15,A,precool,72,1297,67.5,2500
133.26,A,precool,72,1297,67.5,2500
133.36,A,precool,72,1297,67.5,2500
133.46,A,precool,72,1297,67.5,2500
133.57,A,precool,72,1297,67.4,2500
133.67,A,precool,72,1297,67.5,2500
133.77,A,precool,72,1297,67.5,2500
133.88,A,precool,72,1297,67.5,2500
133.98,A,precool,72,1297,67.5,2500
134.08,A,precool,72,1297,67.5,2500
134.19,A,precool,72,1297,67.5,2500
134.29,A,precool,72,1297,67.4,2500
134.39,A,precool,72,1297,67.5,2500
134.49,A,precool,72,1297,67.4,2500
134.6,A,precool,72,1297,67.4,2500
134.7,A,precool,72,1297,67.4,2500
134.8,A,precool,72,1297,67.5,2500
134.91,A,precool,72,1297,67.4,2500
135.01,A,precool,72,1297,67.4,2500
135.11,A,precool,72,1297,67.4,2500
135.22,A,precool,72,1297,67.5,2500
135.32,A,precool,72,1297,67.4,2500
135.42,A,precool,72,1297,67.4,2500
135.52,A,precool,72,1297,67.4,2500
135.63,A,precool,72,1297,67.5,2500
135.73,A,precool,72,1297,67.4,2500
135.83,A,precool,72,1297,67.4,2500
135.94,A,precool,72,1297,67.4,2500
136.04,A,precool,72,1297,67.4,2500
136.14,A,precool,72,1297,67.4,2500
136.25,A,precool,72,1297,67.4,2500
136.35,A,precool,72,1297,67.4,2500
136.46,A,precool,72,1297,67.4,2500
136.56,A,precool,72,1297,67.4,2500
136.66,A,precool,72,1297,67.3,2500
136.76,A,precool,72,1297,67.4,2500
136.87,A,precool,72,1297,67.4,2500
136.97,A,precool,72,1297,67.4,2500
137.08,A,precool,72,1297,67.4,2500
137.18,A,precool,72,1297,67.4,2500
137.28,A,precool,72,1297,67.4,2500
137.39,A,precool,72,1297,67.4,2500
137.49,A,precool,72,1297,67.4,2500
137.59,A,precool,72,1297,67.4,2500
137.7,A,precool,72,1297,67.4,2500
137.8,A,precool,72,1297,67.4,2500
137.9,A,precool,72,1297,67.4,2500
138.0,A,precool,72,1297,67.4,2500
138.11,A,precool,72,1297,67.4,2500
138.21,A,precool,72,1297,67.4,2500
138.31,A,precool,72,1297,67.4,2500
138.42,A,precool,72,1297,67.4,2500
138.52,A,precool,72,1297,67.4,2500
138.62,A,precool,72,1297,67.4,2500
138.73,A,precool,72,1297,67.4,2500
138.83,A,precool,72,1297,67.4,2500
138.93,A,precool,72,1297,67.4,2500
139.04,A,precool,72,1297,67.4,2500
139.14,A,precool,72,1297,67.3,2500
139.24,A,precool,72,1297,67.4,2500
139.35,A,precool,72,1297,67.3,2500
139.45,A,precool,72,1297,67.3,2500
139.55,A,precool,72,1297,67.4,2500
139.66,A,precool,72,1297,67.4,2500
139.76,A,precool,72,1297,67.4,2500
139.86,A,precool,72,1297,67.4,2500
139.97,A,precool,72,1297,67.4,2500
140.07,A,precool,72,1297,67.4,2500
140.17,A,precool,72,1297,67.4,2500
140.27,A,precool,72,1297,67.3,2500
140.38,A,precool,72,1297,67.3,2500
140.48,A,precool,72,1297,67.4,2500
140.58,A,precool,72,1297,67.3,2500
140.69,A,precool,72,1297,67.3,2500
140.79,A,precool,72,1297,67.3,2500
140.9,A,precool,72,1297,67.3,2500
141.0,A,precool,72,1297,67.3,2500
141.1,A,precool,72,1297,67.2,2500
141.21,A,precool,72,1297,67.2,2500
141.31,A,precool,72,1297,67.3,2500
141.41,A,precool,72,1297,67.3,2500
141.51,A,precool,72,1297,67.1,2500
141.62,A,precool,72,1297,67.3,2500
141.72,A,precool,72,1297,67.3,2500
141.82,A,precool,72,1297,67.3,2500
141.93,A,precool,72,1297,67.1,2500
142.03,A,precool,72,1297,67.3,2500
142.13,A,precool,72,1297,67.3,2500
142.24,A,precool,72,1297,67.3,2500
142.34,A,precool,72,1297,67.1,2500
142.44,A,precool,72,1297,67.3,2500
142.55,A,precool,72,1297,67.2,2500
142.65,A,precool,72,1297,67.1,2500
142.75,A,precool,72,1297,67.2,2500
142.86,A,precool,72,1297,67.2,2500
142.96,A,precool,72,1297,67.1,2500
143.06,A,precool,72,1297,67.3,2500
143.16,A,precool,72,1297,67.2,2500
143.27,A,precool,72,1297,67.3,2500
143.37,A,precool,72,1297,67.2,2500
143.48,A,precool,72,1297,67.2,2500
143.58,A,precool,72,1297,67.2,2500
143.68,A,precool,72,1297,67.2,2500
143.79,A,precool,72,1297,67.2,2500
143.89,A,precool,72,1297,67.2,2500
143.99,A,precool,72,1297,67.1,2500
144.1,A,precool,72,1297,67.1,2500
144.2,A,precool,72,1297,67.1,2500
144.3,A,precool,72,1297,67.2,2500
144.41,A,precool,72,1297,67.1,2500
144.51,A,precool,72,1297,67.1,2500
144.61,A,precool,72,1297,67.2,2500
144.72,A,precool,72,1297,67.1,2500
144.82,A,precool,72,1297,67.1,2500
144.92,A,precool,72,1297,67.1,2500
145.02,A,precool,72,1297,67.1,2500
145.13,A,precool,72,1297,67.1,2500
145.23,A,precool,72,1297,67.1,2500
145.33,A,precool,72,1297,67.1,2500
145.44,A,precool,72,1297,67.2,2500
145.54,A,precool,72,1297,67.1,2500
145.64,A,precool,72,1297,67.2,2500
145.75,A,precool,72,1297,67.1,2500
145.85,A,precool,72,1297,67.1,2500
145.95,A,precool,72,1297,67.1,2500
146.05,A,precool,72,1297,67.1,2500
146.16,A,precool,72,1297,67.2,2500
146.26,A,precool,72,1297,67.2,2500
146.36,A,precool,72,1297,67.2,2500
146.47,A,precool,72,1297,67.2,2500
146.57,A,precool,72,1297,67.2,2500
146.67,A,precool,72,1297,67.1,2500
146.78,A,precool,72,1297,67.1,2500
146.88,A,precool,72,1297,67.2,2500
146.99,A,precool,72,1297,67.1,2500
147.09,A,precool,72,1297,67.1,2500
147.19,A,precool,72,1297,67.1,2500
147.3,A,precool,72,1297,67.2,2500
147.4,A,precool,72,1297,67.1,2500
147.5,A,precool,72,1297,67.1,2500
147.61,A,precool,72,1297,67.1,2500
147.71,A,precool,72,1297,67.1,2500
147.81,A,precool,72,1297,67.1,2500
147.92,A,precool,72,1297,67.2,2500
148.02,A,precool,72,1297,67.1,2500
148.12,A,precool,72,1297,67.1,2500
148.23,A,precool,72,1297,67.2,2500
148.33,A,precool,72,1297,67.1,2500
148.43,A,precool,72,1297,67.1,2500
148.54,A,precool,72,1297,67.2,2500
148.64,A,precool,72,1297,67.2,2500
148.74,A,precool,72,1297,67.0,2500
148.84,A,precool,72,1297,67.1,2500
148.95,A,precool,72,1297,67.1,2500
149.05,A,precool,72,1297,67.2,2500
149.15,A,precool,72,1297,67.1,2500
149.26,A,precool,72,1297,67.1,2500
149.36,A,precool,72,1297,67.1,2500
149.46,A,precool,72,1297,67.2,2500
149.57,A,precool,72,1297,67.1,2500
149.67,A,precool,72,1297,67.1,2500
149.77,A,precool,72,1297,67.0,2500
149.87,A,precool,72,1297,67.1,2500
149.98,A,precool,72,1297,67.1,2500
150.08,A,precool,72,1297,67.0,2500
150.18,A,precool,72,1297,67.1,2500
150.29,A,precool,72,1297,67.1,2500
150.39,A,precool,72,1297,67.0,2500
150.49,A,precool,72,1297,67.1,2500
150.6,A,precool,72,1297,67.1,2500
150.7,A,precool,72,1297,67.0,2500
150.8,A,precool,72,1297,67.1,2500
150.91,A,precool,72,1297,67.0,2500
151.01,A,precool,72,1297,67.0,2500
151.11,A,precool,72,1297,67.0,2500
151.22,A,precool,72,1297,67.1,2500
151.32,A,precool,72,1297,67.1,2500
151.42,A,precool,72,1297,67.0,2500
151.52,A,precool,72,1297,67.0,2500
151.63,A,precool,72,1297,67.1,2500
151.73,A,precool,72,1297,67.0,2500
151.83,A,precool,72,1297,67.0,2500
151.94,A,precool,72,1297,67.1,2500
152.04,A,precool,72,1297,67.1,2500
152.15,A,precool,72,1297,67.1,2500
152.25,A,precool,72,1297,67.1,2500
152.35,A,precool,72,1297,67.1,2500
152.46,A,precool,72,1297,67.0,2500
152.56,A,precool,72,1297,67.0,2500
152.66,A,precool,72,1297,67.0,2500
152.77,A,precool,72,1297,67.1,2500
152.87,A,precool,72,1297,67.0,2500
152.97,A,precool,72,1297,67.0,2500
153.08,A,precool,72,1297,67.0,2500
153.18,A,precool,72,1297,67.0,2500
153.28,A,precool,72,1297,67.0,2500
153.38,A,precool,72,1297,67.0,2500
153.49,A,precool,72,1297,67.0,2500
153.59,A,precool,72,1297,67.0,2500
153.69,A,precool,72,1297,67.0,2500
153.8,A,precool,72,1297,67.0,2500
153.9,A,precool,72,1297,67.0,2500
154.0,A,precool,72,1297,67.0,2500
154.11,A,precool,72,1297,67.0,2500
154.21,A,precool,72,1297,67.0,2500
154.31,A,precool,72,1297,67.0,2500
154.41,A,precool,72,1297,67.0,2500
154.52,A,precool,72,1297,67.0,2500
154.62,A,precool,72,1297,67.0,2500
154.72,A,precool,72,1297,67.0,2500
154.83,A,precool,72,1297,67.0,2500
154.93,A,precool,72,1297,67.0,2500
155.03,A,precool,72,1297,67.0,2500
155.13,A,precool,72,1297,67.0,2500
155.24,A,precool,72,1297,67.0,2500
155.34,A,precool,72,1297,67.0,2500
155.45,A,precool,72,1297,67.0,2500
155.55,A,precool,72,1297,67.0,2500
155.65,A,precool,72,1297,67.0,2500
155.76,A,precool,72,1297,67.0,2500
155.86,A,precool,72,1297,67.0,2500
155.96,A,precool,72,1297,67.0,2500
156.06,A,precool,72,1297,67.0,2500
156.17,A,precool,72,1297,67.0,2500
156.27,A,precool,72,1297,67.0,2500
156.37,A,precool,72,1297,67.0,2500
156.48,A,precool,72,1297,67.0,2500
156.58,A,precool,72,1297,67.0,2500
156.68,A,precool,72,1297,67.0,2500
156.78,A,precool,72,1297,67.0,2500
156.89,A,precool,72,1297,67.0,2500
156.99,A,precool,72,1297,67.0,2500
157.09,A,precool,72,1297,67.0,2500
157.2,A,precool,72,1297,67.0,2500
157.3,A,precool,72,1297,67.0,2500
157.4,A,precool,72,1297,67.0,2500
157.5,A,precool,72,1297,67.0,2500
157.61,A,precool,72,1297,67.0,2500
157.71,A,precool,72,1297,67.0,2500
157.81,A,precool,72,1297,67.0,2500
157.92,A,precool,72,1297,67.0,2500
158.02,A,precool,72,1297,67.0,2500
158.12,A,precool,72,1297,67.0,2500
158.22,A,precool,72,1297,67.0,2500
158.33,A,precool,72,1297,67.0,2500
158.43,A,precool,72,1297,67.0,2500
158.53,A,precool,72,1297,67.0,2500
158.64,A,precool,72,1297,67.0,2500
158.74,A,precool,72,1297,67.0,2500
158.84,A,precool,72,1297,67.0,2500
158.94,A,precool,72,1297,67.0,2500
159.05,A,precool,72,1297,66.9,2500
159.15,A,precool,72,1297,67.0,2500
159.26,A,precool,72,1297,66.9,2500
159.36,A,precool,72,1297,67.0,2500
159.46,A,precool,72,1297,66.9,2500
159.56,A,precool,72,1297,66.9,2500
159.67,A,precool,72,1297,66.9,2500
159.77,A,precool,72,1297,66.9,2500
159.88,A,precool,72,1297,66.9,2500
159.98,A,precool,72,1297,66.9,2500
160.08,A,precool,72,1297,66.9,2500
160.18,A,precool,72,1297,66.9,2500
160.29,A,precool,72,1297,66.9,2500
160.39,A,precool,72,1297,66.9,2500
160.49,A,precool,72,1297,67.0,2500
160.6,A,precool,72,1297,66.9,2500
160.7,A,precool,72,1297,66.9,2500
160.8,A,precool,72,1297,66.9,2500
160.91,A,precool,72,1297,66.9,2500
161.01,A,precool,72,1297,66.9,2500
161.11,A,precool,72,1297,66.9,2500
161.22,A,precool,72,1297,66.9,2500
161.32,A,precool,72,1297,66.9,2500
161.42,A,precool,72,1297,66.9,2500
161.53,A,precool,72,1297,66.9,2500
161.63,A,precool,72,1297,67.0,2500
161.73,A,precool,72,1297,66.9,2500
161.83,A,precool,72,1297,66.9,2500
161.94,A,precool,72,1297,66.9,2500
162.04,A,precool,72,1297,66.9,2500
162.14,A,precool,72,1297,66.9,2500
162.25,A,precool,72,1297,66.9,2500
162.35,A,precool,72,1297,66.9,2500
162.45,A,precool,72,1297,66.9,2500
162.56,A,precool,72,1297,66.9,2500
162.66,A,precool,72,1297,66.9,2500
162.76,A,precool,72,1297,66.9,2500
162.87,A,precool,72,1297,66.9,2500
162.97,A,precool,72,1297,66.9,2500
163.07,A,precool,72,1297,66.9,2500
163.17,A,precool,72,1297,66.9,2500
163.28,A,precool,72,1297,66.9,2500
163.38,A,precool,72,1297,66.9,2500
163.49,A,precool,72,1297,66.9,2500
163.59,A,precool,72,1297,66.9,2500
163.69,A,precool,72,1297,66.9,2500
163.79,A,precool,72,1297,66.9,2500
163.9,A,precool,72,1297,66.9,2500
164.0,A,precool,72,1297,66.9,2500
164.1,A,precool,72,1297,66.9,2500
164.21,A,precool,72,1297,66.9,2500
164.31,A,precool,72,1297,66.9,2500
164.41,A,precool,72,1297,66.9,2500
164.52,A,precool,72,1297,66.9,2500
164.62,A,precool,72,1297,66.9,2500
164.72,A,precool,72,1297,66.8,2500
164.83,A,precool,72,1297,66.9,2500
164.93,A,precool,72,1297,66.9,2500
165.03,A,precool,72,1297,66.9,2500
165.14,A,precool,72,1297,66.8,2500
165.24,A,precool,72,1297,66.9,2500
165.34,A,precool,72,1297,66.8,2500
165.44,A,precool,72,1297,66.9,2500
165.55,A,precool,72,1297,66.9,2500
165.65,A,precool,72,1297,66.8,2500
165.75,A,precool,72,1297,66.9,2500
165.86,A,precool,72,1297,66.8,2500
165.96,A,precool,72,1297,66.9,2500
166.06,A,precool,72,1297,66.9,2500
166.17,A,precool,72,1297,66.9,2500
166.27,A,precool,72,1297,66.9,2500
166.37,A,precool,72,1297,66.8,2500
166.48,A,precool,72,1297,66.9,2500
166.58,A,precool,72,1297,66.8,2500
166.68,A,precool,72,1297,66.9,2500
166.78,A,precool,72,1297,66.9,2500
166.89,A,precool,72,1297,66.9,2500
166.99,A,precool,72,1297,66.9,2500
167.09,A,precool,72,1297,66.9,2500
167.2,A,precool,72,1297,66.9,2500
167.3,A,precool,72,1297,66.9,2500
167.4,A,precool,72,1297,66.8,2500
167.51,A,precool,72,1297,66.9,2500
167.61,A,precool,72,1297,66.9,2500
167.72,A,precool,72,1297,66.9,2500
167.82,A,precool,72,1297,66.9,2500
167.92,A,precool,72,1297,66.8,2500
168.02,A,precool,72,1297,66.9,2500
168.13,A,precool,72,1297,66.8,2500
168.23,A,precool,72,1297,66.9,2500
168.34,A,precool,72,1297,66.9,2500
168.44,A,precool,72,1297,66.9,2500
168.54,A,precool,72,1297,66.9,2500
168.65,A,precool,72,1297,66.8,2500
168.75,A,precool,72,1297,66.9,2500
168.85,A,precool,72,1297,66.8,2500
168.96,A,precool,72,1297,66.9,2500
169.06,A,precool,72,1297,66.8,2500
169.16,A,precool,72,1297,66.9,2500
169.27,A,precool,72,1297,66.9,2500
169.37,A,precool,72,1297,66.8,2500
169.47,A,precool,72,1297,66.9,2500
169.57,A,precool,72,1297,66.9,2500
169.68,A,precool,72,1297,66.9,2500
169.78,A,precool,72,1297,66.9,2500
169.88,A,precool,71,1297,66.9,2500
169.99,A,precool,72,1297,66.8,2500
170.09,A,precool,72,1297,66.9,2500
170.19,A,precool,71,1297,66.8,2500
170.3,A,precool,71,1297,66.9,2500
170.4,A,precool,71,1297,66.9,2500
170.5,A,precool,71,1297,66.9,2500
170.61,A,precool,71,1297,66.8,2500
170.71,A,precool,72,1297,66.8,2500
170.81,A,precool,72,1297,66.8,2500
170.91,A,precool,72,1297,66.8,2500
171.02,A,precool,72,1297,66.8,2500
171.12,A,precool,72,1297,66.8,2500
171.22,A,precool,71,1297,66.8,2500
171.33,A,precool,72,1297,66.9,2500
171.43,A,precool,71,1297,66.8,2500
171.53,A,precool,72,1297,66.8,2500
171.64,A,precool,72,1297,66.8,2500
171.74,A,precool,71,1297,66.8,2500
171.84,A,precool,72,1297,66.8,2500
171.95,A,precool,71,1297,66.9,2500
172.05,A,precool,72,1297,66.8,2500
172.15,A,precool,71,1297,66.8,2500
172.26,A,precool,71,1297,66.8,2500
172.36,A,precool,72,1297,66.9,2500
172.46,A,precool,72,1297,66.8,2500
172.56,A,precool,72,1297,66.8,2500
172.67,A,precool,72,1297,66.8,2500
172.77,A,precool,71,1297,66.8,2500
172.88,A,precool,72,1297,66.7,2500
172.98,A,precool,72,1297,66.8,2500
173.08,A,precool,71,1297,66.8,2500
173.18,A,precool,71,1297,66.8,2500
173.29,A,precool,71,1297,66.8,2500
173.39,A,precool,71,1297,66.9,2500
173.49,A,precool,71,1297,66.9,2500
173.6,A,precool,72,1297,66.8,2500
173.7,A,precool,71,1297,66.9,2500
173.8,A,precool,71,1297,66.8,2500
173.91,A,precool,71,1297,66.8,2500
174.01,A,precool,72,1297,66.8,2500
174.11,A,precool,72,1297,66.8,2500
174.22,A,precool,72,1297,66.7,2500
174.32,A,precool,72,1297,66.8,2500
174.42,A,precool,71,1297,66.8,2500
174.52,A,precool,71,1297,66.8,2500
174.63,A,precool,71,1297,66.8,2500
174.73,A,precool,72,1297,66.8,2500
174.83,A,precool,72,1297,66.9,2500
174.94,A,precool,72,1297,66.8,2500
175.04,A,precool,72,1297,66.8,2500
175.14,A,precool,71,1297,66.8,2500
175.25,A,precool,72,1297,66.8,2500
175.35,A,precool,72,1297,66.8,2500
175.45,A,precool,71,1297,66.8,2500
175.56,A,precool,72,1297,66.8,2500
175.66,A,precool,71,1297,66.9,2500
175.77,A,precool,71,1297,66.8,2500
175.87,A,precool,72,1297,66.8,2500
175.97,A,precool,72,1297,66.8,2500
176.07,A,precool,71,1297,66.8,2500
176.18,A,precool,71,1297,66.7,2500
176.28,A,precool,72,1297,66.7,2500
176.38,A,precool,71,1297,66.8,2500
176.49,A,precool,71,1297,66.8,2500
176.59,A,precool,72,1297,66.8,2500
176.69,A,precool,71,1297,66.7,2500
176.8,A,precool,71,1297,66.7,2500
176.9,A,precool,71,1297,66.8,2500
177.0,A,precool,71,1297,66.8,2500
177.11,A,precool,71,1297,66.8,2500
177.21,A,precool,71,1297,66.7,2500
177.31,A,precool,71,1297,66.7,2500
177.42,A,precool,71,1297,66.7,2500
177.52,A,precool,71,1297,66.8,2500
177.62,A,precool,71,1297,66.8,2500
177.73,A,precool,71,1297,66.7,2500
177.83,A,precool,71,1297,66.7,2500
177.93,A,precool,71,1297,66.7,2500
178.03,A,precool,71,1297,66.7,2500
178.14,A,precool,71,1297,66.8,2500
178.24,A,precool,71,1297,66.8,2500
178.34,A,precool,71,1297,66.7,2500
178.45,A,precool,71,1297,66.7,2500
178.55,A,precool,71,1297,66.7,2500
178.65,A,precool,72,1297,66.7,2500
178.76,A,precool,72,1297,66.7,2500
178.86,A,precool,71,1297,66.8,2500
178.96,A,precool,71,1297,66.7,2500
179.07,A,precool,72,1297,66.7,2500
179.17,A,precool,71,1297,66.8,2500
179.27,A,precool,72,1297,66.7,2500
179.38,A,precool,71,1297,66.8,2500
179.48,A,precool,71,1297,66.7,2500
179.58,A,precool,71,1297,66.7,2500
179.69,A,precool,71,1297,66.8,2500
179.79,A,precool,71,1297,66.8,2500
179.89,A,precool,72,1297,66.8,2500
180.0,A,precool,71,1297,66.7,2500
180.1,A,precool,71,1297,66.8,2500
180.2,A,precool,71,1297,66.7,2500
180.3,A,precool,71,1297,66.7,2500
180.41,A,precool,71,1297,66.8,2500
180.51,A,precool,71,1297,66.8,2500
180.62,A,precool,71,1297,66.8,2500
180.72,A,precool,71,1297,66.8,2500
180.82,A,precool,71,1297,66.8,2500
180.93,A,precool,71,1297,66.8,2500
181.03,A,precool,71,1297,66.8,2500
181.13,A,precool,71,1297,66.7,2500
181.24,A,precool,71,1297,66.8,2500
181.34,A,precool,71,1297,66.7,2500
181.44,A,precool,72,1297,66.7,2500
181.55,A,precool,71,1297,66.8,2500
181.65,A,precool,71,1297,66.8,2500
181.75,A,precool,71,1297,66.8,2500
181.86,A,precool,71,1297,66.7,2500
181.96,A,precool,71,1297,66.7,2500
182.06,A,precool,71,1297,66.8,2500
182.17,A,precool,71,1297,66.7,2500
182.27,A,precool,71,1297,66.7,2500
182.37,A,precool,71,1297,66.7,2500
182.48,A,precool,71,1297,66.7,2500
182.58,A,precool,71,1297,66.7,2500
182.68,A,precool,71,1297,66.7,2500
182.79,A,precool,71,1297,66.7,2500
182.89,A,precool,71,1297,66.8,2500
182.99,A,precool,71,1297,66.7,2500
183.1,A,precool,71,1297,66.7,2500
183.2,A,precool,71,1297,66.7,2500
183.3,A,precool,71,1297,66.7,2500
183.41,A,precool,71,1297,66.7,2500
183.51,A,precool,71,1297,66.7,2500
183.61,A,precool,71,1297,66.7,2500
183.71,A,precool,71,1297,66.7,2500
183.82,A,precool,71,1297,66.7,2500
183.92,A,precool,72,1297,66.7,2500
184.02,A,precool,71,1297,66.8,2500
184.13,A,precool,71,1297,66.7,2500
184.23,A,precool,71,1297,66.7,2500
184.33,A,precool,71,1297,66.7,2500
184.44,A,precool,71,1297,66.7,2500
184.54,A,precool,71,1297,66.8,2500
184.64,A,precool,71,1297,66.7,2500
184.75,A,precool,71,1297,66.7,2500
184.85,A,precool,71,1297,66.7,2500
184.95,A,precool,71,1297,66.7,2500
185.06,A,precool,71,1297,66.7,2500
185.16,A,precool,71,1297,66.7,2500
185.26,A,precool,71,1297,66.7,2500
185.36,A,precool,71,1297,66.7,2500
185.47,A,precool,71,1297,66.7,2500
185.57,A,precool,71,1297,66.8,2500
185.68,A,precool,71,1297,66.7,2500
185.78,A,precool,71,1297,66.7,2500
185.88,A,precool,71,1297,66.7,2500
185.99,A,precool,71,1297,66.7,2500
186.09,A,precool,71,1297,66.7,2500
186.19,A,precool,71,1297,66.7,2500
186.29,A,precool,71,1297,66.7,2500
186.4,A,precool,71,1297,66.7,2500
186.5,A,precool,71,1297,66.7,2500
186.61,A,precool,71,1297,66.7,2500
186.71,A,precool,71,1297,66.7,2500
186.81,A,precool,71,1297,66.7,2500
186.91,A,precool,71,1297,66.7,2500
187.02,A,precool,71,1297,66.7,2500
187.12,A,precool,71,1297,66.7,2500
187.22,A,precool,71,1297,66.7,2500
187.33,A,precool,71,1297,66.7,2500
187.43,A,precool,71,1297,66.7,2500
187.53,A,precool,71,1297,66.7,2500
187.64,A,precool,71,1297,66.7,2500
187.74,A,precool,71,1297,66.7,2500
187.84,A,precool,71,1297,66.7,2500
187.95,A,precool,71,1297,66.7,2500
188.05,A,precool,71,1297,66.7,2500
188.15,A,precool,71,1297,66.7,2500
188.26,A,precool,71,1297,66.7,2500
188.36,A,precool,71,1297,66.7,2500
188.46,A,precool,71,1297,66.7,2500
188.57,A,precool,71,1297,66.7,2500
188.67,A,precool,71,1297,66.7,2500
188.77,A,precool,71,1297,66.7,2500
188.88,A,precool,71,1297,66.7,2500
188.98,A,precool,71,1297,66.7,2500
189.08,A,precool,71,1297,66.7,2500
189.19,A,precool,71,1297,66.7,2500
189.29,A,precool,71,1297,66.7,2500
189.39,A,precool,71,1297,66.7,2500
189.49,A,precool,71,1297,66.7,2500
189.6,A,precool,71,1297,66.7,2500
189.7,A,precool,71,1297,66.7,2500
189.8,A,precool,71,1297,66.7,2500
189.91,A,precool,71,1297,66.7,2500
190.01,A,precool,71,1297,66.7,2500
190.11,A,precool,71,1297,66.7,2500
190.22,A,precool,71,1297,66.7,2500
190.32,A,precool,71,1297,66.7,2500
190.42,A,precool,71,1297,66.7,2500
190.52,A,precool,71,1297,66.7,2500
190.63,A,precool,71,1297,66.7,2500
190.73,A,precool,71,1297,66.7,2500
190.83,A,precool,71,1297,66.7,2500
190.94,A,precool,71,1297,66.7,2500
191.04,A,precool,71,1297,66.7,2500
191.14,A,precool,71,1297,66.7,2500
191.25,A,precool,71,1297,66.7,2500
191.35,A,precool,71,1297,66.7,2500
191.45,A,precool,71,1297,66.7,2500
191.56,A,precool,71,1297,66.7,2500
191.66,A,precool,71,1297,66.7,2500
191.76,A,precool,71,1297,66.7,2500
191.87,A,precool,71,1297,66.7,2500
191.97,A,precool,71,1297,66.7,2500
192.07,A,precool,71,1297,66.7,2500
192.18,A,precool,71,1297,66.7,2500
192.28,A,precool,71,1297,66.7,2500
192.38,A,precool,71,1297,66.7,2500
192.48,A,precool,71,1297,66.7,2500
192.59,A,precool,71,1297,66.7,2500
192.69,A,precool,71,1297,66.7,2500
192.79,A,precool,71,1297,66.7,2500
192.9,A,precool,71,1297,66.7,2500
193.0,A,precool,71,1297,66.7,2500
193.11,A,precool,71,1297,66.7,2500
193.21,A,precool,71,1297,66.7,2500
193.31,A,precool,71,1297,66.7,2500
193.42,A,precool,71,1297,66.7,2500
193.52,A,precool,71,1297,66.7,2500
193.62,A,precool,71,1297,66.7,2500
193.73,A,precool,71,1297,66.7,2500
193.83,A,precool,71,1297,66.7,2500
193.93,A,precool,71,1297,66.7,2500
194.04,A,precool,71,1297,66.7,2500
194.14,A,precool,71,1297,66.7,2500
194.24,A,precool,71,1297,66.7,2500
194.35,A,precool,71,1297,66.7,2500
194.45,A,precool,71,1297,66.7,2500
194.55,A,precool,71,1297,66.7,2500
194.65,A,precool,71,1297,66.7,2500
194.76,A,precool,71,1297,66.7,2500
194.86,A,precool,71,1297,66.7,2500
194.96,A,precool,71,1297,66.7,2500
195.07,A,precool,71,1297,66.7,2500
195.17,A,precool,71,1297,66.6,2500
195.27,A,precool,71,1297,66.7,2500
195.38,A,precool,71,1297,66.7,2500
195.48,A,precool,71,1297,66.7,2500
195.58,A,precool,71,1297,66.7,2500
195.69,A,precool,71,1297,66.7,2500
195.79,A,precool,71,1297,66.7,2500
195.89,A,precool,71,1297,66.7,2500
196.0,A,precool,71,1297,66.7,2500
196.1,A,precool,71,1297,66.7,2500
196.2,A,precool,71,1297,66.6,2500
196.31,A,precool,71,1297,66.7,2500
196.41,A,precool,71,1297,66.7,2500
196.51,A,precool,71,1297,66.7,2500
196.62,A,precool,71,1297,66.7,2500
196.72,A,precool,71,1297,66.7,2500
196.82,A,precool,71,1297,66.7,2500
196.93,A,precool,71,1297,66.6,2500
197.03,A,precool,71,1297,66.7,2500
197.13,A,precool,71,1297,66.7,2500
197.24,A,precool,71,1297,66.7,2500
197.34,A,precool,71,1297,66.7,2500
197.44,A,precool,71,1297,66.7,2500
197.54,A,precool,71,1297,66.7,2500
197.65,A,precool,71,1297,66.7,2500
197.75,A,precool,71,1297,66.7,2500
197.86,A,precool,71,1297,66.7,2500
197.96,A,precool,71,1297,66.7,2500
198.06,A,precool,71,1297,66.7,2500
198.16,A,precool,71,1297,66.7,2500
198.27,A,precool,71,1297,66.7,2500
198.37,A,precool,71,1297,66.7,2500
198.47,A,precool,71,1297,66.7,2500
198.58,A,precool,71,1297,66.7,2500
198.68,A,precool,71,1297,66.7,2500
198.78,A,precool,71,1297,66.7,2500
198.89,A,precool,71,1297,66.7,2500
198.99,A,precool,71,1297,66.7,2500
199.09,A,precool,71,1297,66.7,2500
199.2,A,precool,71,1297,66.7,2500
199.3,A,precool,71,1297,66.7,2500
199.4,A,precool,71,1297,66.7,2500
199.5,A,precool,71,1297,66.7,2500
199.61,A,precool,71,1297,66.7,2500
199.71,A,precool,71,1297,66.7,2500
199.81,A,precool,71,1297,66.6,2500
199.92,A,precool,71,1297,66.7,2500
200.02,A,precool,71,1297,66.7,2500
200.12,A,precool,71,1297,66.7,2500
200.23,A,precool,71,1297,66.6,2500
200.33,A,precool,71,1297,66.6,2500
200.44,A,precool,71,1297,66.7,2500
200.54,A,precool,71,1297,66.7,2500
200.64,A,precool,71,1297,66.7,2500
200.75,A,precool,71,1297,66.7,2500
200.85,A,precool,71,1297,66.7,2500
200.95,A,precool,71,1297,66.6,2500
201.05,A,precool,71,1297,66.7,2500
201.16,A,precool,71,1297,66.6,2500
201.26,A,precool,71,1297,66.7,2500
201.36,A,precool,71,1297,66.7,2500
201.47,A,precool,71,1297,66.6,2500
201.57,A,precool,71,1297,66.6,2500
201.67,A,precool,71,1297,66.7,2500
201.78,A,precool,71,1297,66.7,2500
201.88,A,precool,71,1297,66.7,2500
201.98,A,precool,71,1297,66.7,2500
202.09,A,precool,71,1297,66.7,2500
202.19,A,precool,71,1297,66.6,2500
202.29,A,precool,71,1297,66.7,2500
202.39,A,precool,71,1297,66.7,2500
202.5,A,precool,71,1297,66.7,2500
202.6,A,precool,71,1297,66.7,2500
202.71,A,precool,71,1297,66.7,2500
202.81,A,precool,71,1297,66.7,2500
202.91,A,precool,71,1297,66.7,2500
203.02,A,precool,71,1297,66.7,2500
203.12,A,precool,71,1297,66.7,2500
203.22,A,precool,71,1297,66.7,2500
203.33,A,precool,71,1297,66.7,2500
203.43,A,precool,71,1297,66.7,2500
203.53,A,precool,71,1297,66.7,2500
203.64,A,precool,71,1297,66.7,2500
203.74,A,precool,71,1297,66.7,2500
203.85,A,precool,71,1297,66.6,2500
203.95,A,precool,71,1297,66.7,2500
204.05,A,precool,71,1297,66.7,2500
204.15,A,precool,71,1297,66.6,2500
204.26,A,precool,71,1297,66.6,2500
204.36,A,precool,71,1297,66.7,2500
204.46,A,precool,71,1297,66.7,2500
204.57,A,precool,71,1297,66.7,2500
204.67,A,precool,71,1297,66.7,2500
204.77,A,precool,71,1297,66.7,2500
204.88,A,precool,71,1297,66.7,2500
204.98,A,precool,71,1297,66.7,2500
205.08,A,precool,71,1297,66.6,2500
205.18,A,precool,71,1297,66.7,2500
205.29,A,precool,71,1297,66.7,2500
205.39,A,precool,71,1297,66.7,2500
205.5,A,precool,71,1297,66.6,2500
205.6,A,precool,71,1297,66.7,2500
205.7,A,precool,71,1297,66.7,2500
205.8,A,precool,71,1297,66.6,2500
205.91,A,precool,71,1297,66.7,2500
206.01,A,precool,71,1297,66.7,2500
206.11,A,precool,71,1297,66.7,2500
206.22,A,precool,71,1297,66.7,2500
206.32,A,precool,71,1297,66.6,2500
206.42,A,precool,71,1297,66.7,2500
206.53,A,precool,71,1297,66.7,2500
206.63,A,precool,71,1297,66.6,2500
206.73,A,precool,71,1297,66.6,2500
206.84,A,precool,71,1297,66.7,2500
206.94,A,precool,71,1297,66.7,2500
207.04,A,precool,71,1297,66.7,2500
207.15,A,precool,71,1297,66.6,2500
207.25,A,precool,71,1297,66.7,2500
207.35,A,precool,71,1297,66.7,2500
207.45,A,precool,71,1297,66.6,2500
207.56,A,precool,71,1297,66.7,2500
207.66,A,precool,71,1297,66.7,2500
207.76,A,precool,71,1297,66.7,2500
207.87,A,precool,71,1297,66.7,2500
207.97,A,precool,71,1297,66.6,2500
208.07,A,precool,71,1297,66.7,2500
208.18,A,precool,71,1297,66.7,2500
208.28,A,precool,71,1297,66.7,2500
208.38,A,precool,71,1297,66.6,2500
208.49,A,precool,71,1297,66.6,2500
208.59,A,precool,71,1297,66.7,2500
208.69,A,precool,71,1297,66.7,2500
208.79,A,precool,71,1297,66.6,2500
208.9,A,precool,71,1297,66.6,2500
209.0,A,precool,71,1297,66.7,2500
209.1,A,precool,71,1297,66.6,2500
209.21,A,precool,71,1297,66.6,2500
209.31,A,precool,71,1297,66.7,2500
209.41,A,precool,71,1297,66.7,2500
209.52,A,precool,71,1297,66.6,2500
209.62,A,precool,71,1297,66.7,2500
209.72,A,precool,71,1297,66.7,2500
209.83,A,precool,71,1297,66.7,2500
209.93,A,precool,71,1297,66.7,2500
210.03,A,precool,71,1297,66.7,2500
210.13,A,precool,71,1297,66.7,2500
210.24,A,precool,71,1297,66.7,2500
210.34,A,precool,71,1297,66.7,2500
210.45,A,precool,71,1297,66.7,2500
210.55,A,precool,71,1297,66.7,2500
210.65,A,precool,71,1297,66.7,2500
210.76,A,precool,71,1297,66.7,2500
210.86,A,precool,71,1297,66.6,2500
210.96,A,precool,71,1297,66.6,2500
211.07,A,precool,71,1297,66.7,2500
211.17,A,precool,71,1297,66.7,2500
211.27,A,precool,71,1297,66.6,2500
211.38,A,precool,71,1297,66.5,2500
211.48,A,precool,71,1297,66.6,2500
211.58,A,precool,71,1297,66.7,2500
211.69,A,precool,71,1297,66.6,2500
211.79,A,precool,71,1297,66.6,2500
211.89,A,precool,71,1297,66.7,2500
211.99,A,precool,71,1297,66.7,2500
212.1,A,precool,71,1297,66.6,2500
212.2,A,precool,71,1297,66.7,2500
212.3,A,precool,71,1297,66.7,2500
212.41,A,precool,71,1297,66.6,2500
212.51,A,precool,71,1297,66.8,2500
212.61,A,precool,71,1297,66.7,2500
212.72,A,precool,71,1297,66.7,2500
212.82,A,precool,71,1297,66.7,2500
212.92,A,precool,71,1297,66.6,2500
213.03,A,precool,71,1297,66.7,2500
213.13,A,precool,71,1297,66.7,2500
213.23,A,precool,71,1297,66.7,2500
213.34,A,precool,71,1297,66.6,2500
213.44,A,precool,71,1297,66.6,2500
213.54,A,precool,71,1297,66.7,2500
213.64,A,precool,71,1297,66.7,2500
213.75,A,precool,71,1297,66.7,2500
213.85,A,precool,71,1297,66.6,2500
213.96,A,precool,71,1297,66.7,2500
214.06,A,precool,71,1297,66.6,2500
214.16,A,precool,71,1297,66.7,2500
214.27,A,precool,71,1297,66.5,2500
214.37,A,precool,71,1297,66.6,2500
214.48,A,precool,71,1297,66.6,2500
214.58,A,precool,71,1297,66.6,2500
214.68,A,precool,71,1297,66.7,2500
214.78,A,precool,71,1297,66.6,2500
214.89,A,run,71,1297,224.2,0
214.99,A,run,74,1230,264.0,8
215.09,A,run,76,1237,264.7,16
215.2,A,run,77,1245,266.1,24
215.3,A,run,77,1275,266.7,32
215.41,A,run,78,1282,268.4,44
215.56,A,run,79,1297,270.3,56
215.67,A,run,80,1297,268.2,64
215.77,A,run,81,1290,268.7,72
215.87,A,run,81,1282,269.7,80
215.97,A,run,82,1282,270.3,88
216.08,A,run,82,1282,269.9,96
216.18,A,run,83,1282,269.8,104
216.28,A,run,83,1275,270.3,116
216.42,A,run,84,1132,253.3,128
216.58,A,run,84,1087,240.2,136
216.69,A,run,84,1087,235.4,144
216.79,A,run,84,1042,219.3,148
216.89,A,run,84,1050,222.0,160
217.01,A,run,84,960,197.2,168
217.14,A,run,84,892,181.1,176
217.26,A,run,84,907,180.5,184
217.38,A,run,84,817,167.9,188
217.5,A,run,84,802,165.3,196
217.63,A,run,84,682,148.9,204
217.76,A,run,83,592,136.8,208
217.87,A,run,83,577,133.7,212
218.0,A,run,83,540,126.9,216
218.12,A,run,83,532,127.3,220
218.24,A,run,83,502,120.9,228
218.37,A,run,82,450,117.1,228
218.49,A,run,82,450,115.9,232
218.61,A,run,82,465,117.7,236
218.74,A,run,81,420,86.7,240
218.88,A,run,81,382,86.0,240
219.01,A,run,80,390,83.7,244
219.11,A,run,80,420,85.1,244
219.26,A,run,80,427,87.2,248
219.37,A,run,80,480,117.8,248
219.48,A,run,80,532,126.4,252
219.61,A,run,81,570,129.6,260
219.73,A,run,81,600,133.8,264
219.85,A,run,81,615,135.7,268
219.97,A,run,81,630,139.1,272
220.09,A,run,81,652,141.8,280
220.22,A,run,82,682,146.3,284
220.33,A,run,82,690,146.8,292
220.46,A,run,82,697,149.5,296
220.58,A,run,82,697,150.0,300
220.7,A,run,82,697,149.7,308
220.83,A,run,82,690,147.8,312
220.94,A,run,82,690,147.3,320
221.07,A,run,82,690,148.7,324
221.19,A,run,82,697,150.3,332
221.31,A,run,83,697,150.6,336
221.44,A,run,83,675,145.7,344
221.55,A,run,83,667,146.2,348
221.68,A,run,83,637,140.4,352
221.8,A,run,83,630,140.3,360
221.92,A,run,83,585,134.4,364
222.05,A,run,83,547,128.0,368
222.17,A,run,83,547,129.2,372
222.29,A,run,83,547,128.0,376
222.41,A,run,82,547,129.6,380
222.53,A,run,83,547,129.2,388
222.66,A,run,82,547,129.4,392
222.78,A,run,82,540,127.7,396
222.9,A,run,82,540,128.7,400
223.02,A,run,82,540,127.6,404
223.14,A,run,82,547,127.9,408
223.27,A,run,82,540,127.6,412
223.38,A,run,82,547,129.3,416
223.51,A,run,82,540,127.5,424
223.63,A,run,82,540,127.0,428
223.75,A,run,82,540,128.1,432
223.88,A,run,83,540,128.6,436
223.99,A,run,83,540,127.7,440
224.12,A,run,83,547,129.5,444
224.24,A,run,82,540,127.7,448
224.36,A,run,83,547,128.2,456
224.49,A,run,83,540,127.7,460
224.6,A,run,83,540,128.6,464
224.73,A,run,83,540,127.7,468
224.85,A,run,83,540,128.2,472
224.97,A,run,82,510,123.6,476
225.1,A,run,82,502,122.6,480
225.21,A,run,82,502,123.0,484
225.34,A,run,82,495,122.0,488
225.46,A,run,82,502,122.7,492
225.58,A,run,82,495,121.7,496
225.71,A,run,82,502,122.4,500
225.83,A,run,82,502,122.5,504
225.95,A,run,83,502,122.8,508
226.07,A,run,82,495,122.2,512
226.19,A,run,83,502,123.4,516
226.31,A,run,82,502,121.0,524
226.43,A,run,83,495,120.2,528
226.55,A,run,83,495,120.8,532
226.67,A,run,83,495,121.6,536
226.8,A,run,82,502,122.7,540
226.92,A,run,83,510,123.8,544
227.04,A,run,82,502,123.1,548
227.16,A,run,82,465,118.6,552
227.28,A,run,82,457,117.4,556
227.4,A,run,82,457,116.6,560
227.53,A,run,82,450,115.0,564
227.64,A,run,82,457,118.1,564
227.76,A,run,82,457,117.0,568
227.88,A,run,82,457,116.3,572
228.01,A,run,82,450,115.7,576
228.13,A,run,82,457,118.7,580
228.25,A,run,82,450,116.0,584
228.37,A,run,82,457,116.4,588
228.49,A,run,82,450,115.2,592
228.61,A,run,82,450,117.0,596
228.74,A,run,82,457,117.2,600
228.85,A,run,82,457,116.3,604
228.97,A,run,82,450,115.2,608
229.09,A,run,82,457,119.0,612
229.22,A,run,82,457,114.9,620
229.45,A,run,82,450,116.6,620
229.57,A,run,82,457,115.9,624
229.69,A,run,82,450,115.1,628
229.81,A,run,82,450,116.9,632
229.93,A,run,82,457,117.1,636
230.05,A,run,82,457,116.7,640
230.18,A,run,82,442,87.9,644
230.29,A,run,82,465,96.2,644
230.4,A,run,82,427,85.8,648
230.57,A,run,81,397,86.4,652
230.72,A,run,81,412,84.1,652
230.83,A,run,81,420,86.3,656
230.93,A,run,81,442,83.9,656
231.04,A,run,81,457,114.0,660
231.14,A,run,81,495,120.5,664
231.27,A,run,82,570,130.6,668
231.39,A,run,82,585,134.0,672
231.51,A,run,82,592,135.3,676
231.63,A,run,82,592,135.4,680
231.75,A,run,82,592,134.9,688
231.87,A,run,82,592,135.2,692
231.99,A,run,83,592,134.6,696
232.11,A,run,83,592,134.5,700
232.23,A,run,83,592,134.2,708
232.35,A,run,83,562,131.9,712
232.47,A,run,83,547,129.4,716
232.6,A,run,83,517,125.6,720
232.72,A,run,83,472,119.8,724
232.84,A,run,83,465,118.8,728
232.96,A,run,82,450,116.2,732
233.09,A,run,82,382,87.0,732
233.24,A,run,82,375,86.6,736
233.37,A,run,81,367,87.0,736
233.52,A,run,81,375,86.9,740
233.67,A,run,81,420,85.9,740
233.77,A,run,81,427,87.3,744
233.88,A,run,81,427,84.8,744
233.98,A,run,81,465,116.3,748
234.09,A,run,81,472,119.5,752
234.21,A,run,82,540,128.0,756
234.33,A,run,82,562,130.8,760
234.45,A,run,82,570,131.1,764
234.57,A,run,82,570,132.5,768
234.7,A,run,82,570,132.3,772
234.82,A,run,82,570,131.9,780
234.94,A,run,83,570,130.7,784
235.06,A,run,83,570,132.9,788
235.18,A,run,83,525,125.9,792
235.3,A,run,83,525,126.5,796
235.42,A,run,83,487,121.9,800
235.54,A,run,83,480,118.8,804
235.67,A,run,82,300,103.3,808
235.77,A,run,82,397,86.3,808
235.91,A,run,82,390,86.6,812
236.05,A,run,82,382,86.3,812
236.18,A,run,81,382,86.3,816
236.32,A,run,81,382,86.7,816
236.47,A,run,81,405,84.2,820
236.57,A,run,81,420,86.3,820
236.67,A,run,81,435,83.7,824
236.77,A,run,81,435,85.6,824
236.88,A,run,81,435,106.1,824
236.98,A,run,81,352,96.5,828
237.12,A,run,81,495,121.3,832
237.24,A,run,81,442,95.8,836
237.36,A,run,81,517,124.9,840
237.49,A,run,82,487,124.3,844
237.61,A,run,82,630,140.8,848
237.73,A,run,82,652,142.9,852
237.85,A,run,82,652,144.0,860
237.97,A,run,83,652,142.5,864
238.09,A,run,83,615,137.7,868
238.21,A,run,83,615,137.8,876
238.33,A,run,83,577,132.2,880
238.45,A,run,83,532,127.9,884
238.57,A,run,83,532,125.9,888
238.7,A,run,83,502,122.8,892
238.82,A,run,83,495,122.1,896
238.94,A,run,83,450,116.3,900
239.06,A,run,83,420,88.4,904
239.18,A,run,82,352,85.1,904
239.29,A,run,82,375,87.0,908
239.4,A,run,82,360,87.1,908
239.54,A,run,82,367,84.9,912
239.64,A,run,82,382,86.2,912
239.8,A,run,81,367,86.0,916
239.93,A,run,81,382,84.4,916
240.04,A,run,81,390,86.6,916
240.15,A,run,81,412,84.8,920
240.25,A,run,81,420,86.7,920
240.36,A,run,81,442,84.2,924
240.46,A,run,81,525,123.6,928
240.64,A,run,82,540,126.3,932
240.76,A,run,82,562,131.3,936
240.88,A,run,82,562,130.7,940
241.0,A,run,82,562,129.5,944
241.12,A,run,82,562,131.3,948
241.24,A,run,82,570,131.8,956
241.36,A,run,83,562,129.7,960
241.48,A,run,83,555,130.6,964
241.6,A,run,83,517,125.9,968
241.73,A,run,83,480,119.2,972
241.85,A,run,83,472,117.5,976
241.97,A,run,82,442,87.0,980
242.1,A,run,82,367,86.9,980
242.29,A,run,82,367,86.8,984
242.42,A,run,82,367,86.9,984
242.56,A,run,81,390,87.5,988
242.72,A,run,81,412,86.0,988
242.82,A,run,81,420,88.0,992
242.93,A,run,81,442,85.3,992
243.04,A,run,81,472,127.3,996
243.22,A,run,82,525,126.0,1000
243.34,A,run,82,532,125.5,1008
243.46,A,run,82,532,126.9,1012
243.58,A,run,82,532,126.0,1016
243.7,A,run,82,525,125.4,1020
243.83,A,run,82,532,127.3,1024
243.95,A,run,83,532,125.8,1028
244.07,A,run,83,487,120.1,1032
244.19,A,run,83,450,115.4,1036
244.31,A,run,82,442,86.4,1040
244.43,A,run,82,427,87.4,1040
244.54,A,run,82,405,86.6,1044
244.67,A,run,82,382,86.8,1048
244.82,A,run,82,382,86.9,1048
244.96,A,run,81,382,86.7,1052
245.1,A,run,81,412,84.4,1052
245.2,A,run,81,442,85.0,1056
245.36,A,run,81,442,86.2,1056
245.46,A,run,81,427,119.2,1060
245.65,A,run,82,420,98.3,1064
245.78,A,run,81,510,122.5,1068
245.95,A,run,82,607,137.0,1072
246.07,A,run,82,622,139.4,1080
246.19,A,run,82,622,140.0,1084
246.31,A,run,83,615,139.2,1088
246.43,A,run,83,570,133.2,1092
246.55,A,run,83,562,131.7,1100
246.67,A,run,83,532,125.9,1104
246.79,A,run,83,525,125.9,1108
246.92,A,run,83,495,122.1,1112
247.03,A,run,83,472,119.0,1116
247.16,A,run,83,457,117.1,1120
247.28,A,run,83,427,88.4,1120
247.4,A,run,82,352,88.6,1124
247.55,A,run,82,360,85.1,1128
247.7,A,run,82,360,85.1,1128
247.83,A,run,82,360,87.4,1128
247.94,A,run,82,360,87.6,1132
248.08,A,run,81,360,85.5,1132
248.18,A,run,81,382,87.2,1136
248.28,A,run,81,390,85.6,1136
248.39,A,run,81,427,86.7,1140
248.54,A,run,81,435,84.5,1140
248.65,A,run,81,442,85.9,1140
248.75,A,run,81,480,118.7,1144
248.86,A,run,82,525,124.6,1148
248.98,A,run,82,555,130.2,1152
249.1,A,run,82,555,129.7,1156
249.23,A,run,82,555,129.2,1164
249.35,A,run,82,547,129.3,1168
249.47,A,run,83,547,127.8,1172
249.59,A,run,83,502,122.6,1176
249.71,A,run,83,480,120.0,1180
249.83,A,run,83,465,118.0,1184
249.96,A,run,82,442,87.8,1184
250.08,A,run,82,367,85.3,1188
250.23,A,run,82,367,87.4,1188
250.34,A,run,82,367,85.9,1192
250.44,A,run,81,375,86.2,1192
250.59,A,run,81,390,87.6,1196
250.7,A,run,81,397,86.4,1196
250.8,A,run,81,420,84.2,1200
250.91,A,run,81,420,86.8,1200
251.01,A,run,81,442,84.6,1200
251.12,A,run,81,510,126.6,1204
251.26,A,run,82,562,129.8,1208
251.37,A,run,82,570,132.4,1212
251.49,A,run,82,562,130.8,1220
251.62,A,run,82,562,130.1,1224
251.74,A,run,83,532,127.7,1228
251.86,A,run,83,525,124.5,1232
251.98,A,run,83,495,121.2,1236
252.1,A,run,83,487,120.8,1240
252.22,A,run,82,457,126.8,1244
252.35,A,run,82,375,85.4,1248
252.5,A,run,82,375,87.2,1248
252.6,A,run,82,375,87.0,1248
252.74,A,run,82,375,85.9,1252
252.92,A,run,81,382,86.4,1256
253.07,A,run,81,412,87.6,1256
253.18,A,run,81,420,84.4,1260
253.32,A,run,81,435,85.9,1260
253.43,A,run,81,472,116.7,1260
253.53,A,run,82,472,127.1,1268
253.66,A,run,82,472,129.6,1272
253.78,A,run,82,487,121.4,1272
253.9,A,run,82,532,125.5,1280
254.02,A,run,82,540,128.4,1284
254.14,A,run,83,540,127.3,1288
254.26,A,run,83,502,122.9,1292
254.39,A,run,83,502,123.5,1296
254.51,A,run,83,450,116.0,1300
254.63,A,run,83,412,88.5,1304
254.75,A,run,82,352,84.8,1304
254.86,A,run,82,360,84.9,1308
255.0,A,run,82,360,87.2,1308
255.1,A,run,82,360,86.9,1308
255.24,A,run,81,360,85.4,1312
255.35,A,run,81,367,86.4,1312
255.5,A,run,81,382,84.5,1316
255.61,A,run,81,390,86.6,1316
255.71,A,run,81,412,84.0,1320
255.82,A,run,81,412,84.1,1320
255.95,A,run,82,345,87.3,1324
256.14,A,run,82,465,119.2,1328
256.27,A,run,82,525,124.0,1332
256.39,A,run,82,547,129.2,1336
256.52,A,run,82,547,127.7,1340
256.64,A,run,82,547,129.3,1344
256.76,A,run,83,547,127.7,1352
256.88,A,run,83,502,123.3,1356
257.0,A,run,83,510,124.6,1360
257.12,A,run,83,472,118.5,1364
257.25,A,run,83,465,119.0,1368
257.37,A,run,82,352,88.1,1368
257.51,A,run,82,367,86.7,1372
257.61,A,run,82,375,87.0,1372
257.75,A,run,82,367,86.7,1376
257.89,A,run,82,367,86.8,1376
258.03,A,run,81,367,87.0,1380
258.17,A,run,81,397,84.8,1380
258.27,A,run,81,397,86.9,1380
258.38,A,run,81,420,84.9,1384
258.48,A,run,81,420,86.8,1384
258.58,A,run,81,450,103.9,1388
258.69,A,run,81,435,91.8,1388
258.83,A,run,81,472,117.2,1392
258.96,A,run,82,427,120.0,1396
259.14,A,run,82,525,125.0,1400
259.25,A,run,82,562,131.6,1404
259.37,A,run,82,562,131.2,1412
259.49,A,run,83,562,129.9,1416
259.62,A,run,83,517,125.0,1420
259.74,A,run,83,487,121.5,1424
259.86,A,run,83,480,120.2,1428
259.98,A,run,83,450,121.1,1432
260.11,A,run,82,375,88.2,1432
260.3,A,run,82,375,87.2,1436
260.41,A,run,82,382,87.2,1436
260.55,A,run,82,375,87.1,1440
260.68,A,run,82,375,84.7,1440
260.79,A,run,81,397,85.9,1444
260.94,A,run,81,412,86.4,1444
261.08,A,run,81,435,88.0,1448
261.19,A,run,81,450,92.2,1448
261.29,A,run,81,330,87.2,1452
261.39,A,run,81,502,122.5,1456
261.53,A,run,82,412,119.6,1460
261.69,A,run,82,480,119.8,1460
261.8,A,run,82,517,124.8,1464
261.92,A,run,82,540,128.6,1468
262.04,A,run,82,540,127.8,1476
262.16,A,run,83,540,128.9,1480
262.28,A,run,83,540,127.5,1484
262.4,A,run,83,517,125.9,1488
262.52,A,run,83,502,124.0,1492
262.64,A,run,83,472,119.6,1496
262.77,A,run,83,457,113.2,1500
262.9,A,run,82,352,89.1,1500
263.04,A,run,82,360,87.0,1504
263.14,A,run,82,360,87.4,1504
263.28,A,run,82,360,87.4,1508
263.42,A,run,82,360,85.0,1508
263.53,A,run,82,382,86.5,1512
263.68,A,run,82,375,86.7,1512
263.82,A,run,81,367,86.9,1516
263.97,A,run,81,360,86.9,1516
264.1,A,run,81,375,85.2,1520
264.21,A,run,81,397,87.0,1520
264.32,A,run,81,412,85.9,1524
264.42,A,run,81,427,86.3,1524
264.57,A,run,81,450,114.0,1528
264.71,A,run,82,480,119.0,1532
264.84,A,run,82,547,129.1,1536
264.96,A,run,82,555,129.8,1540
265.08,A,run,83,562,131.9,1544
265.2,A,run,83,555,130.7,1548
265.33,A,run,83,510,124.6,1552
265.45,A,run,83,502,122.1,1560
265.57,A,run,83,465,117.2,1564
265.69,A,run,83,427,87.7,1564
265.81,A,run,82,360,87.9,1568
265.92,A,run,82,367,89.0,1568
266.06,A,run,82,367,85.4,1572
266.21,A,run,82,367,85.5,1572
266.35,A,run,82,382,86.6,1576
266.5,A,run,82,375,86.8,1576
266.65,A,run,81,367,85.1,1580
266.83,A,run,81,412,86.6,1580
266.93,A,run,81,420,87.8,1584
267.08,A,run,81,427,85.3,1584
267.19,A,run,81,442,91.7,1588
267.3,A,run,81,450,87.6,1592
267.47,A,run,82,525,121.8,1596
267.58,A,run,82,555,128.6,1600
267.69,A,run,82,562,131.8,1604
267.82,A,run,83,562,131.1,1608
267.93,A,run,83,540,129.2,1612
268.06,A,run,83,525,126.0,1616
268.18,A,run,83,495,122.5,1620
268.3,A,run,83,480,115.3,1624
268.43,A,run,83,300,86.6,1628
268.61,A,run,82,375,88.1,1632
268.72,A,run,82,382,86.9,1632
268.82,A,run,82,382,86.5,1636
268.95,A,run,82,382,86.7,1636
269.09,A,run,82,382,87.0,1640
269.24,A,run,82,375,87.0,1640
269.38,A,run,82,382,84.7,1644
269.48,A,run,81,390,85.0,1644
269.62,A,run,81,420,86.5,1648
269.78,A,run,81,435,85.7,1648
269.92,A,run,81,435,92.9,1652
270.07,A,run,81,450,89.7,1656
270.25,A,run,82,517,119.9,1660
270.35,A,run,82,532,127.2,1664
270.47,A,run,82,540,127.8,1668
270.59,A,run,83,547,129.3,1672
270.71,A,run,83,547,127.8,1676
270.83,A,run,83,510,123.9,1680
270.95,A,run,83,510,124.6,1684
271.08,A,run,83,457,117.8,1688
271.2,A,run,83,435,90.1,1692
271.32,A,run,82,427,89.9,1692
271.43,A,run,82,352,87.0,1696
271.53,A,run,82,367,88.6,1696
271.63,A,run,82,360,86.8,1700
271.74,A,run,82,367,87.2,1700
271.88,A,run,82,367,87.0,1704
272.01,A,run,82,360,87.1,1704
272.16,A,run,82,367,84.9,1708
272.26,A,run,82,382,86.4,1708
272.42,A,run,81,360,87.0,1712
272.56,A,run,81,367,87.0,1712
272.71,A,run,81,382,85.4,1716
272.81,A,run,81,390,87.4,1716
272.92,A,run,81,420,86.1,1716
273.02,A,run,81,427,86.7,1720
273.17,A,run,81,442,86.3,1720
273.32,A,run,81,457,116.5,1724
273.42,A,run,82,487,119.7,1728
273.55,A,run,82,547,129.2,1732
273.67,A,run,82,555,129.9,1736
273.8,A,run,83,555,130.9,1740
273.91,A,run,83,525,124.7,1748
274.03,A,run,83,517,125.1,1752
274.16,A,run,83,487,121.4,1756
274.28,A,run,83,465,118.4,1760
274.41,A,run,83,442,89.8,1760
274.52,A,run,83,337,89.2,1764
274.63,A,run,82,330,87.4,1764
274.73,A,run,82,315,85.1,1768
274.84,A,run,82,315,87.4,1768
274.94,A,run,82,315,86.4,1772
275.06,A,run,82,322,87.1,1772
275.21,A,run,82,322,86.8,1776
275.34,A,run,82,322,87.0,1776
275.48,A,run,82,315,84.5,1780
275.59,A,run,81,322,84.6,1780
275.73,A,run,81,345,86.2,1784
275.88,A,run,81,352,87.7,1784
275.99,A,run,81,375,86.3,1784
276.09,A,run,81,375,86.1,1788
276.22,A,run,81,397,86.4,1788
276.37,A,run,81,427,86.3,1792
276.5,A,run,81,435,85.5,1792
276.64,A,run,81,465,119.0,1796
276.75,A,run,82,510,121.8,1800
276.87,A,run,82,532,126.9,1804
277.0,A,run,82,532,127.6,1808
277.12,A,run,82,532,127.0,1812
277.24,A,run,83,540,128.5,1816
277.36,A,run,83,487,119.9,1824
277.48,A,run,83,480,118.7,1828
277.6,A,run,83,450,117.4,1828
277.72,A,run,83,405,109.9,1832
277.83,A,run,83,360,88.1,1836
278.01,A,run,82,390,86.9,1836
278.12,A,run,82,390,87.3,1840
278.26,A,run,82,382,86.8,1840
278.4,A,run,82,382,87.1,1844
278.54,A,run,82,382,87.0,1844
278.68,A,run,82,382,85.0,1848
278.78,A,run,81,397,86.2,1848
278.93,A,run,81,390,86.5,1852
279.08,A,run,81,412,85.1,1852
279.18,A,run,81,427,86.8,1856
279.29,A,run,81,435,84.0,1856
279.39,A,run,81,457,92.4,1856
279.49,A,run,81,465,90.4,1864
279.67,A,run,82,585,133.9,1868
279.8,A,run,82,547,128.2,1872
279.92,A,run,83,547,129.7,1876
280.04,A,run,83,517,123.9,1880
280.16,A,run,83,502,122.5,1884
280.28,A,run,83,465,117.6,1888
280.4,A,run,83,465,117.4,1892
280.53,A,run,82,360,86.6,1892
280.63,A,run,82,360,87.6,1896
280.76,A,run,82,367,85.5,1896
280.87,A,run,82,382,86.5,1900
281.02,A,run,82,375,86.6,1900
281.16,A,run,82,367,85.0,1904
281.27,A,run,82,375,87.0,1904
281.37,A,run,82,367,84.9,1908
281.47,A,run,81,367,85.1,1908
281.61,A,run,81,367,85.7,1912
281.76,A,run,81,412,87.5,1912
281.87,A,run,81,412,85.9,1912
281.97,A,run,81,435,87.3,1916
282.07,A,run,81,442,84.8,1916
282.18,A,run,82,465,117.5,1920
282.28,A,run,82,510,124.0,1924
282.41,A,run,82,525,125.6,1928
282.53,A,run,82,532,127.4,1932
282.65,A,run,83,532,126.5,1936
282.77,A,run,83,495,122.2,1940
282.9,A,run,83,480,120.3,1944
283.02,A,run,83,457,118.1,1948
283.15,A,run,82,435,85.3,1952
283.28,A,run,82,367,86.9,1952
283.43,A,run,82,367,86.9,1956
283.57,A,run,82,360,87.3,1956
283.71,A,run,82,360,87.1,1960
283.85,A,run,82,367,84.9,1960
283.95,A,run,82,382,86.4,1964
284.11,A,run,82,375,86.6,1964
284.25,A,run,82,375,87.0,1968
284.4,A,run,81,367,86.7,1968
284.53,A,run,81,382,87.0,1972
284.68,A,run,81,390,85.9,1972
284.79,A,run,81,427,87.4,1976
284.89,A,run,81,420,85.1,1976
285.0,A,run,81,450,93.0,1980
285.1,A,run,81,442,92.3,1980
285.25,A,run,82,345,88.4,1984
285.36,A,run,82,547,96.5,1988
285.46,A,run,82,547,101.9,1988
285.56,A,run,82,577,109.5,1992
285.67,A,run,82,555,109.0,1996
285.77,A,run,82,547,107.1,1996
285.87,A,run,82,487,123.6,2000
286.0,A,run,82,495,123.1,2008
286.17,A,run,83,472,119.4,2012
286.29,A,run,83,472,119.0,2016
286.42,A,run,82,442,85.1,2016
286.54,A,run,82,367,87.4,2020
286.65,A,run,82,367,85.5,2020
286.75,A,run,82,382,86.7,2024
286.9,A,run,82,375,86.9,2024
287.05,A,run,82,375,87.0,2028
287.19,A,run,82,367,87.0,2028
287.32,A,run,82,367,87.0,2032
287.46,A,run,82,375,84.8,2032
287.57,A,run,81,382,86.3,2036
287.72,A,run,81,382,86.7,2036
287.87,A,run,81,390,85.1,2040
287.97,A,run,81,397,86.8,2040
288.07,A,run,81,412,84.8,2040
288.18,A,run,81,442,87.1,2044
288.29,A,run,81,450,117.5,2044
288.43,A,run,82,480,119.8,2048
288.56,A,run,82,517,125.7,2052
288.68,A,run,82,525,125.5,2060
288.8,A,run,83,532,127.6,2064
288.92,A,run,83,532,126.1,2068
289.04,A,run,83,487,121.3,2072
289.17,A,run,83,495,122.7,2076
289.29,A,run,83,450,117.5,2080
289.43,A,run,83,330,86.6,2080
289.53,A,run,82,345,85.2,2084
289.63,A,run,82,345,84.9,2084
289.76,A,run,82,352,85.9,2088
289.91,A,run,82,360,86.8,2088
290.06,A,run,82,352,86.3,2092
290.19,A,run,82,352,86.7,2092
290.33,A,run,82,352,84.7,2096
290.52,A,run,82,345,87.0,2096
290.62,A,run,82,345,86.9,2100
290.76,A,run,82,352,84.8,2100
290.86,A,run,81,367,86.4,2104
291.01,A,run,81,360,86.7,2104
291.16,A,run,81,375,86.3,2108
291.26,A,run,81,390,86.8,2108
291.37,A,run,81,405,83.3,2112
291.47,A,run,81,420,86.6,2112
291.58,A,run,81,427,83.9,2112
291.68,A,run,81,450,92.6,2116
291.79,A,run,82,457,89.1,2120
291.96,A,run,82,495,118.0,2124
292.07,A,run,82,517,124.6,2128
292.19,A,run,82,540,128.6,2132
292.31,A,run,83,540,128.0,2136
292.43,A,run,83,540,129.1,2140
292.55,A,run,83,510,123.3,2144
292.68,A,run,83,502,123.4,2148
292.8,A,run,83,465,118.3,2152
292.92,A,run,83,427,89.6,2156
293.04,A,run,83,412,87.9,2160
293.19,A,run,82,202,72.8,2160
293.3,A,run,82,157,71.4,2160
293.43,A,run,82,157,71.5,2160
293.55,A,run,82,157,71.2,2164
293.67,A,run,81,157,70.8,2164
293.79,A,run,81,172,70.6,2164
293.91,A,run,81,172,69.3,2164
294.03,A,run,81,195,69.0,2168
294.15,A,run,81,202,71.6,2168
294.27,A,run,81,232,85.3,2168
294.39,A,run,81,285,85.9,2168
294.51,A,run,81,300,88.4,2172
294.61,A,run,81,330,86.2,2172
294.71,A,run,81,337,86.8,2176
294.85,A,run,81,360,86.8,2176
294.99,A,run,81,382,84.8,2180
295.1,A,run,81,390,86.9,2180
295.2,A,run,81,412,85.4,2180
295.31,A,run,81,427,86.0,2184
295.46,A,run,81,450,94.8,2184
295.56,A,run,81,457,89.7,2188
295.74,A,run,82,517,122.3,2192
295.84,A,run,82,547,129.4,2196
295.96,A,run,82,555,130.5,2200
296.08,A,run,83,555,128.9,2208
296.2,A,run,83,502,123.8,2212
296.32,A,run,83,510,124.4,2216
296.44,A,run,83,472,119.3,2220
296.57,A,run,83,465,118.8,2224
296.69,A,run,83,345,87.1,2228
296.88,A,run,82,360,85.8,2228
296.99,A,run,82,367,87.4,2228
297.09,A,run,82,367,87.2,2232
297.22,A,run,82,367,87.6,2232
297.36,A,run,82,367,87.3,2236
297.5,A,run,82,367,85.4,2236
297.61,A,run,82,390,86.5,2240
297.76,A,run,82,375,88.3,2240
297.87,A,run,82,367,86.4,2244
297.97,A,run,82,375,87.0,2244
298.12,A,run,82,367,84.9,2248
298.29,A,run,81,382,86.2,2248
298.44,A,run,81,397,86.4,2252
298.58,A,run,81,412,86.9,2252
298.73,A,run,81,420,84.6,2256
298.83,A,run,81,435,87.2,2256
298.94,A,run,81,450,90.7,2260
299.04,A,run,82,442,85.3,2260
299.22,A,run,82,480,120.0,2264
299.37,A,run,82,435,117.8,2272
299.54,A,run,82,405,118.0,2276
299.72,A,run,82,472,122.8,2276
299.83,A,run,82,480,118.6,2280
299.94,A,run,83,517,124.7,2284
300.06,A,run,83,495,122.7,2288
300.19,A,run,83,480,120.5,2292
300.31,A,run,83,457,117.4,2296
300.43,A,run,83,450,116.6,2300
300.55,A,run,82,247,87.1,2304
300.66,A,run,82,240,88.3,2304
300.76,A,run,82,240,87.0,2304
300.87,A,run,82,240,85.6,2308
300.98,A,run,82,247,86.7,2308
301.14,A,run,82,247,87.2,2312
301.28,A,run,82,240,85.3,2312
301.39,A,run,82,255,86.6,2316
301.54,A,run,82,247,86.7,2316
301.68,A,run,82,247,84.9,2320
301.8,A,run,82,255,86.3,2320
301.95,A,run,82,247,86.5,2324
302.09,A,run,82,247,84.6,2324
302.21,A,run,81,247,85.4,2328
302.35,A,run,81,262,87.5,2328
302.46,A,run,81,270,86.0,2332
302.56,A,run,81,300,87.4,2332
302.66,A,run,81,300,86.1,2332
302.77,A,run,81,330,87.1,2336
302.87,A,run,81,322,86.2,2336
302.97,A,run,81,352,87.2,2336
303.08,A,run,81,352,86.3,2340
303.18,A,run,81,375,88.0,2340
303.29,A,run,81,382,86.3,2344
303.39,A,run,81,405,84.7,2344
303.5,A,run,81,405,86.6,2344
303.6,A,run,81,427,84.4,2348
303.7,A,run,81,427,85.5,2348
303.81,A,run,81,450,95.2,2352
303.91,A,run,81,442,92.4,2352
304.06,A,run,82,480,117.8,2356
304.2,A,run,82,465,122.4,2360
304.33,A,run,82,555,129.9,2364
304.44,A,run,83,570,132.7,2368
304.56,A,run,83,577,133.4,2376
304.68,A,run,83,540,129.2,2380
304.8,A,run,83,487,120.7,2384
304.92,A,run,83,487,120.7,2388
305.04,A,run,83,457,117.6,2392
305.17,A,run,83,382,86.4,2392
305.27,A,run,82,195,71.6,2392
305.38,A,run,82,157,71.1,2396
305.51,A,run,82,157,70.3,2396
305.63,A,run,82,157,69.2,2396
305.75,A,run,81,157,72.3,2396
305.87,A,run,81,172,71.6,2396
305.99,A,run,81,172,71.2,2400
306.11,A,run,81,187,70.8,2400
306.23,A,run,81,195,70.7,2400
306.35,A,run,81,217,70.5,2400
306.47,A,run,81,210,72.0,2404
306.59,A,run,81,240,84.5,2404
306.69,A,run,81,300,86.9,2404
306.81,A,run,81,330,86.1,2408
306.92,A,run,81,360,86.7,2408
307.07,A,run,81,375,85.2,2412
307.18,A,run,81,397,86.9,2412
307.28,A,run,81,405,87.1,2416
307.43,A,run,81,420,85.9,2416
307.53,A,run,81,442,87.6,2416
307.63,A,run,81,450,114.2,2420
307.74,A,run,82,472,117.3,2424
307.87,A,run,82,532,126.9,2428
307.99,A,run,82,547,128.7,2432
308.11,A,run,83,547,129.4,2436
308.23,A,run,83,547,127.8,2444
308.35,A,run,83,502,122.7,2448
308.47,A,run,83,465,118.2,2452
308.59,A,run,83,457,116.8,2456
308.71,A,run,83,427,87.8,2456
308.84,A,run,82,367,87.2,2460
308.95,A,run,82,360,86.9,2460
309.09,A,run,82,360,87.0,2464
309.23,A,run,82,360,87.2,2464
309.37,A,run,82,360,87.2,2468
309.51,A,run,82,360,87.1,2468
309.65,A,run,82,367,85.6,2472
309.76,A,run,82,375,86.7,2472
309.91,A,run,82,367,86.4,2476
310.04,A,run,82,360,87.9,2476
310.14,A,run,82,367,87.5,2476
310.28,A,run,82,360,84.7,2480
310.43,A,run,81,367,85.7,2484
310.58,A,run,81,397,87.5,2484
310.68,A,run,81,390,86.3,2484
310.79,A,run,81,420,87.6,2488
310.89,A,run,81,427,86.4,2488
311.0,A,run,81,442,84.0,2492
311.1,A,run,82,465,115.0,2492
311.21,A,run,82,465,117.5,2496
